{
    "作者": "",
    "站名": "",
    "请求头": "User-Agent$MOBILE_UA",
    "编码": "UTF-8",
    "图片代理": "0",
    "主页url": "https://123kubo.tv/",
    "首页": "120",
    "起始页": "1",
    "分类url": "https://123kubo.tv/show/{cateId}/area/{area}/by/{by}/lang/{lang}/letter/{letter}/page/{catePg}/year/{year}.html;;mrcd0",
    "分类": "電影&劇集&綜藝&動漫",
    "分类值": "1&2&3&4",
    "二次截取": "",
    "数组": "hl-lazy\"&&</li>",
    "标题": "title=\"&&\"",
    "图片": "data-original=\"&&\"",
    "副标题": "remarks\">&&<",
    "链接": "href=\"&&\"",
    "影片年代": "年份：&&</li>",
    "影片地区": "地區：&&</li>",
    "影片类型": "類型：&&</li>",
    "状态": "狀態：&&</li>",
    "导演": "導演：&&</li>",
    "主演": "主演：&&</li>",
    "简介": "👶+簡介：&&</li>",
    "线路二次截取": "",
    "线路数组": "hl-from-btn&&</a>",
    "线路标题": "👶+>&&</span>",
    "播放二次截取": "",
    "播放数组": "id=\"hl-plays-list&&</ul>",
    "播放列表": "<a&&/a>",
    "播放标题": ">&&<",
    "播放链接": "href=\"&&\"",
    "解析": "",
    "直接播放": "0",
    "播放请求头": "",
    "嗅探词": ".mp4#.m3u8",
    "过滤词": "",
    "跳转播放链接": "var player_*url\":\"&&\"",
    "跳转解析": "",
    "搜索请求头": "User-Agent$MOBILE_UA",
    "搜索url": "https://123kubo.tv/search/page/{pg}/wd/{wd}.html",
    "搜索模式": "1",
    "搜索后缀": "",
    "搜索二次截取": "",
    "搜索数组": "hl-lazy\"&&</li>",
    "搜索标题": "title=\"&&\"",
    "搜索图片": "data-original=\"&&\"",
    "搜索副标题": "remarks\">&&<",
    "搜索链接": "href=\"&&\"",
    "筛选": "1",
    "类型": "動作片$6#喜劇片$7#愛情片$8#科幻片$9#恐怖片$10#劇情片$11#戰爭片$12#紀錄片$20#微電影$21#動漫片$22#倫理片$23||陸劇$13#港劇$14#台劇$15#日劇$16#韓劇$24#美劇$25#泰劇$26#海外劇$27||內地綜藝$28#日韓綜藝$29#港台綜藝$30#歐美綜藝$31||國產動漫$32#日韓動漫$33#港台動漫$34#歐美動漫$35#海外動漫$36",
    "剧情": "",
    "剧情值": "*",
    "地区": "",
    "地区值": "*",
    "年份": "",
    "年份值": "*",
    "语言": "",
    "语言值": "*",
    "字母": "A&B&C&D&E&F&G&H&I&J&K&L&M&N&O&P&Q&R&S&T&U&V&W&X&Y&Z&0-9",
    "字母值": "*",
    "排序": "时间&人气&评分",
    "排序值": "time&hits&score"
}