{
    "作者": "",
    "站名": "",
    "请求头": "User-Agent$MOBILE_UA",
    "编码": "UTF-8",
    "图片代理": "0",
    "主页url": "http://www.dy420.com",
    "首页": "120",
    "起始页": "1",
    "分类url": "http://www.dy420.com/sort/{cateId}/select---{year}---{area}--{catePg}.html;;mrcd0",
    "分类": "电影&剧集&综艺&动漫",
    "分类值": "1&2&4&3",
    "二次截取": "",
    "数组": "<article&&</article>",
    "标题": "title=\"&&\"",
    "图片": "src=\"&&\"",
    "副标题": "zhuangtai\">&&</div",
    "链接": "href=\"&&\"",
    "影片年代": "首播:&&</li>",
    "影片地区": "地区:&&</li>",
    "影片类型": "类型:&&</li>",
    "状态": "状态:&&</li>",
    "导演": "归档:&&</li>",
    "主演": "演员:&&</li>",
    "简介": "👶+abstract-content\">&&</div>",
    "线路二次截取": "",
    "线路数组": "video_list_li\"&&</h3>",
    "线路标题": "👶+>&&</strong>",
    "播放二次截取": "",
    "播放数组": "playlist\">&&</div>",
    "播放列表": "<a&&/a>",
    "播放标题": ">&&<",
    "播放链接": "href='&&'",
    "解析": "",
    "直接播放": "0",
    "播放请求头": "",
    "嗅探词": ".mp4#.m3u8",
    "过滤词": "",
    "跳转播放链接": "var url = \"&&\"",
    "跳转解析": "var jiekou = \"&&\"",
    "搜索请求头": "User-Agent@Mozilla/5.0 (Linux；； Android 12；； RMX3370 Build/RKQ1.211103.002；； wv) AppleWebKit/537.36 (KHTML, like Gecko) Version/4.0 Chrome/136.0.7103.60 Mobile Safari/537.36&&Cookie@PHPSESSID=nv9j7cbe08od423pg7elaalsc4；； __51uvsct__KxE9vRfUFbgkHF3G=1；； __51vcke__KxE9vRfUFbgkHF3G=f5ba3dea-1a20-5fa5-90f4-6f3844f77743；； __51vuft__KxE9vRfUFbgkHF3G=1765044939930；； Hm_tf_udbh2lt7blv=1765044940；； Hm_lvt_udbh2lt7blv=1765044940；； __51cke__=；； Hm_tf_kgg19gbgs9x=1765044969；； Hm_lvt_kgg19gbgs9x=1765044969；； Hm_tf_vl4m9ojcr4q=1765044969；； Hm_lvt_vl4m9ojcr4q=1765044969；； Hm_lpvt_kgg19gbgs9x=1765048172；； __tins__21990321=%7B%22sid%22%3A%201765048096127%2C%20%22vd%22%3A%205%2C%20%22expires%22%3A%201765049971808%7D；； __tins__21437177=%7B%22sid%22%3A%201765048096171%2C%20%22vd%22%3A%205%2C%20%22expires%22%3A%201765049971844%7D；； __51laig__=28；； Hm_lpvt_vl4m9ojcr4q=1765048172；； cf_clearance=TRO_qA9O7j2VA2Mmc84_qmlRxOACfWL0s6WMgSVzFrw-1765048188-1.2.1.1-lPrpfP.ULS4uS3zuzTO9b7tNO4H3rQwdxVAsfCCIvz0yqGb5s2pyBGftHsb7BkrsSYtAzSOJfwywo8jThLlHKQr3Re88LICXii7.gMqwfAdPdHVm6Wr2vWBnq_bdAXn8s8PumxAvajnNQTJvbb7.3CuGr3Ao5nLX7Rp58ZbOoht0a5_m1dg5ulH2eDG8dDMjRpT.cv5cOAxmmy6lUa_nkW7Bzz25VngSIPFQWrQnbuk；； Hm_lpvt_udbh2lt7blv=1765048195；； __vtins__KxE9vRfUFbgkHF3G=%7B%22sid%22%3A%20%2259f306b1-a8c6-5d28-88b8-4db414806eb5%22%2C%20%22vd%22%3A%2047%2C%20%22stt%22%3A%203255420%2C%20%22dr%22%3A%205527%2C%20%22expires%22%3A%201765049995339%2C%20%22ct%22%3A%201765048195339%7D&&Accept@text/html,application/xhtml+xml,application/xml；；q=0.9,image/avif,image/webp,image/apng,*/*；；q=0.8,application/signed-exchange；；v=b3；；q=0.7&&Accept-Language@zh-CN,zh；；q=0.9",
    "搜索url": "http://www.dy420.com/search-wd-{wd}-p-{pg}.html",
    "搜索模式": "1",
    "搜索后缀": "",
    "搜索二次截取": "",
    "筛选": "1",
    "类型": "动作片$8#喜剧片$9#爱情片$10#科幻片$11#恐怖片$12#战争片$13#剧情片$14||大陆剧$15#香港剧$16#台湾剧$918#日剧$18#韩剧$915#美剧$916#英剧$923#欧美剧$17#泰剧$922#亚洲剧$19||大陆综艺$911#港台综艺$907#韩综$908#日综$912#泰综$913#欧美综艺$909||国漫$906#日漫$904#美漫$905#其他动漫$903",
    "剧情": "",
    "剧情值": "*",
    "地区": "大陆$dalu#美国$meiguo#香港$xianggang#台湾$taiwan#韩国$hanguo#日本$riben#泰国$taiguo#新加坡$xinjiapo#马来西亚$malaixiya#印度$yindu#英国$yingguo#法国$faguo#加拿大$jianada#俄罗斯$eluosi#德国$deguo",
    "年份": "",
    "年份值": "*",
    "语言": "",
    "语言值": "*",
    "字母": "A&B&C&D&E&F&G&H&I&J&K&L&M&N&O&P&Q&R&S&T&U&V&W&X&Y&Z&0-9",
    "字母值": "*",
    "排序": "时间&人气&评分",
    "排序值": "time&hits&score"
}