{
    "作者": "",
    "站名": "",
    "请求头": "User-Agent@Mozilla/5.0 (Linux；； Android 12；； RMX3370 Build/RKQ1.211103.002；； wv) AppleWebKit/537.36 (KHTML, like Gecko) Version/4.0 Chrome/136.0.7103.60 Mobile Safari/537.36&&Cookie@__51cke__=；； Hm_tf_hhlgha4peu2=1765268526；； Hm_lvt_hhlgha4peu2=1765268526；； Hm_lpvt_hhlgha4peu2=1765270082；； __tins__21281899=%7B%22sid%22%3A%201765268525434%2C%20%22vd%22%3A%2029%2C%20%22expires%22%3A%201765271881566%7D；； __51laig__=29&&Accept@text/html,application/xhtml+xml,application/xml；；q=0.9,image/avif,image/webp,image/apng,*/*；；q=0.8,application/signed-exchange；；v=b3；；q=0.7&&Accept-Language@zh-CN,zh；；q=0.9",
    "编码": "GBK",
    "图片代理": "0",
    "主页url": "http://www.wuweilong.com.cn",
    "首页": "120",
    "起始页": "1",
    "分类url": "http://www.wuweilong.com.cn/{cateId}/index{catePg}.html[http://www.wuweilong.com.cn/{cateId}/];;mrcd0",
    "分类": "电影$dy#剧集$tv#综艺$zongyi#动漫$dm#热播影视$dy/reboys#动作$dy/dongzuo#喜剧$dy/xiju#爱情$dy/aiqing#科幻$dy/kehuan#恐怖$dy/kongbu#剧情$dy/juqing#战争$dy/zhanzheng#纪录$dy/jilu#动画$dy/donghua#国产剧$tv/guochanju#欧美剧$tv/oumeiju#日韩剧$tv/rihanju#港台剧$tv/gangtaiju#海外剧$tv/haiwai#短剧$tv/duanju#大陆综艺$zongyi/dlzy#港台综艺$zongyi/gtzy#日韩综艺$zongyi/rhzy#欧美综艺$zongyi/omzy#国产动漫$dm/gcdm#欧美动漫$dm/omdm#日本动漫$dm/rbdm#其它动漫$dm/qtdm#健康$dsp/jiankang#美女$dsp/meinv#运动$dsp/yundong#模特$dsp/mote#健身$dsp/jianshen#热舞$dsp/rewu#瑜伽$dsp/yujia#街拍$dsp/jiepai#美食$dsp/meishi#热点$dsp/remen#风景$dsp/fengjing#爆笑$dsp/baoxiao#水上乐园$dsp/shuishangleyuan#音乐$dsp/chongwu#世界之最$dsp/shijiezhizui",
    "影片年代": "更新：&&</div>",
    "影片地区": "地区：&&</li>",
    "影片类型": "分类：&&</div>",
    "状态": "备注：&&</div>",
    "导演": "导演：&&</div>",
    "主演": "主演：&&</div>",
    "简介": "👶+简介：&&</p>",
    "线路二次截取": "",
    "解析": "",
    "直接播放": "0",
    "播放请求头": "",
    "嗅探词": "",
    "过滤词": "",
    "跳转播放链接": "",
    "跳转解析": "",
    "搜索请求头": "User-Agent$MOBILE_UA",
    "搜索url": "http://www.wuweilong.com.cn/dy/?wd={wd}",
    "搜索模式": "1",
    "搜索后缀": ""
}