{
    "作者": "",
    "站名": "",
    "请求头": "User-Agent$MOBILE_UA",
    "编码": "UTF-8",
    "图片代理": "0",
    "主页url": "https://www.youkuw.net",
    "首页": "120",
    "起始页": "1",
    "分类url": "https://www.youkuw.net/vodshow/{cateId}-{area}-{by}-{class}-{lang}-{letter}---{catePg}---{year}.html;;mrcd0",
    "分类": "电影&剧集&综艺&动漫&短剧",
    "分类值": "1&2&3&4&39",
    "二次截取": "module-list\">&&id=\"page[替换:module-footer>>module-item-cover]",
    "数组": "module-item-pic\">&&module-item-cover",
    "标题": "title=\"&&\"",
    "图片": "data-src=\"&&\"",
    "副标题": "module-item-text\">&&<",
    "链接": "href=\"&&\"",
    "影片年代": "-----------*.html\">&&</a>",
    "影片地区": "-*----------.html\">&&</div>",
    "影片类型": "---*--------.html\">&&</div>",
    "状态": "状态：&&</li>",
    "导演": "导演：&&</li>",
    "主演": "主演：&&</li>",
    "简介": "👶+<p class=\"sqjj_a\"*>&&</p>",
    "线路二次截取": "",
    "线路数组": "module-tab-item tab-item&&/small>",
    "线路标题": "👶+>&&</span>+【共+<small>&&<+集】",
    "播放二次截取": "",
    "播放数组": "module-blocklist\">&&</div>",
    "播放列表": "<a&&/a>",
    "播放标题": ">&&</span",
    "播放链接": "href=\"&&\"",
    "解析": "",
    "直接播放": "0",
    "播放请求头": "",
    "嗅探词": ".mp4#.m3u8",
    "过滤词": "",
    "跳转播放链接": "var player_*url\":\"&&\"",
    "跳转解析": "",
    "搜索请求头": "User-Agent$MOBILE_UA",
    "搜索url": "https://www.youkuw.net/vodsearch/{wd}----------{pg}---.html",
    "搜索模式": "1",
    "搜索后缀": "",
    "搜索二次截取": "",
    "搜索数组": "/vodplay&&</h3>",
    "搜索标题": "alt=\"&&\"",
    "搜索图片": "data-src=\"&&\"",
    "搜索副标题": "video-serial\"*>&&</a",
    "搜索链接": "/vodplay/+/&&\"",
    "筛选": "1",
    "类型": "动作片$6#喜剧片$7#爱情片$8#科幻片$9#恐怖片$10#剧情片$11#战争片$12#解说片$40||国产剧$13#香港剧$14#韩国剧$15#欧美剧$16#日本剧$21#台湾剧$20#泰国剧$23#海外剧$22||大陆综艺$24#港台综艺$25#日韩综艺$26#欧美综艺$27||国产动漫$28#日韩动漫$29#欧美动漫$30#港台动漫$31#海外动漫$32||空",
    "剧情": "",
    "剧情值": "*",
    "地区": "",
    "地区值": "*",
    "年份": "",
    "年份值": "*",
    "语言": "",
    "语言值": "*",
    "字母": "A&B&C&D&E&F&G&H&I&J&K&L&M&N&O&P&Q&R&S&T&U&V&W&X&Y&Z&0-9",
    "字母值": "*",
    "排序": "时间&人气&评分",
    "排序值": "time&hits&score"
}