{
    "作者": "",
    "站名": "",
    "请求头": "User-Agent$MOBILE_UA",
    "编码": "UTF-8",
    "图片代理": "0",
    "主页url": "http://www.ys0755.com",
    "首页": "120",
    "起始页": "1",
    "分类url": "http://www.ys0755.com/vodshow/{cateId}--{by}-{class}--{letter}---{catePg}---{year}.html;;mrcd0",
    "分类": "电影&剧集&综艺&动漫&短剧",
    "分类值": "1&3&5&4&2",
    "二次截取": "",
    "数组": "/voddetail&&</a>",
    "标题": "title=\"&&\"",
    "图片": "data-original=\"&&\"",
    "副标题": "tc_wz\">&&<",
    "链接": "/voddetail/+/&&\"",
    "影片年代": "年份：&&</p>",
    "影片地区": "地区：&&</p>",
    "影片类型": "类型：&&</p>",
    "状态": "状态：&&</p>",
    "导演": "导演：&&</p>",
    "主演": "主演：&&</p>",
    "简介": "👶+id=\"content\">&&</div>",
    "线路二次截取": "",
    "线路数组": "tab-switch&&</li>",
    "线路标题": "👶+>&&</a>",
    "播放二次截取": "",
    "播放数组": "con_c2_list\">&&</ul>",
    "播放列表": "<a&&/a>",
    "播放标题": ">&&<",
    "播放链接": "href=\"&&\"",
    "解析": "",
    "直接播放": "0",
    "播放请求头": "",
    "嗅探词": ".mp4#.m3u8",
    "过滤词": "",
    "跳转播放链接": "var player_*url\":\"&&\"",
    "跳转解析": "",
    "搜索请求头": "User-Agent$MOBILE_UA",
    "搜索url": "http://www.ys0755.com/vodsearch/{wd}----------{pg}---.html",
    "搜索模式": "1",
    "搜索后缀": "",
    "搜索二次截取": "",
    "搜索数组": "/voddetail&&class=\"result_detail",
    "搜索标题": "<a*>&&</a",
    "搜索图片": "data-original=\"&&\"",
    "搜索副标题": "reuslt_score\">&&<",
    "搜索链接": "/voddetail/+/&&\"",
    "筛选": "1",
    "类型": "网络电影$6#喜剧片$7#动作片$8#奇幻片$9#恐怖片$10#悬疑片$11#爱情片$14#犯罪片$15#科幻片$16#战争片$18#剧情片$20#纪录片$22#预告片$23#影视解说$24#其它片$25||国产剧$38#港剧$39#韩剧$40#日剧$41#泰剧$42#台剧$43#欧美剧$44#其他剧$46||国产综艺$54#日本综艺$55#港台综艺$57#欧美综艺$58#其他综艺$59||动画电影$47#国产动漫$48#日本动漫$49#港台动漫$50#欧美动漫$52#其它动漫$53||综合短剧$37#古装短剧$26#现代短剧$27#逆袭短剧$28#悬疑短剧$29#重生短剧$31#穿越短剧$33",
    "剧情": "",
    "剧情值": "*",
    "地区": "",
    "地区值": "*",
    "年份": "",
    "年份值": "*",
    "语言": "",
    "语言值": "*",
    "字母": "A&B&C&D&E&F&G&H&I&J&K&L&M&N&O&P&Q&R&S&T&U&V&W&X&Y&Z&0-9",
    "字母值": "*",
    "排序": "时间&人气&评分",
    "排序值": "time&hits&score"
}