{
    "作者": "",
    "站名": "",
    "请求头": "User-Agent$MOBILE_UA",
    "编码": "UTF-8",
    "图片代理": "0",
    "主页url": "https://www.fyxy666.com",
    "首页": "120",
    "起始页": "1",
    "分类url": "https://www.fyxy666.com/show/{cateId}-{area}-{by}-{class}-{lang}-{letter}---{catePg}---{year}.html;;mrcd0",
    "分类": "电影&剧集&综艺&动漫",
    "分类值": "1&2&3&4",
    "二次截取": "",
    "数组": "video-link\"&&</a>",
    "标题": "title=\"&&\"",
    "图片": "data-original=\"&&\"",
    "副标题": "video-duration\">&&<",
    "链接": "href=\"&&\"",
    "影片年代": "年份：&&</li>",
    "影片地区": "地区：&&</li>",
    "影片类型": "类型：&&</li>",
    "状态": "状态：&&</li>",
    "导演": "导演：&&</li>",
    "主演": "主演：&&</li>",
    "简介": "👶+collapse-content\">&&</p>",
    "线路二次截取": "",
    "线路数组": "#ewave-playlist&&/li>",
    "线路标题": "👶+>&&<",
    "播放二次截取": "",
    "播放数组": "playlist-sort-content\">&&</ul>",
    "播放列表": "<a&&/a>",
    "播放标题": ">&&<",
    "播放链接": "href=\"&&\"",
    "解析": "",
    "直接播放": "0",
    "播放请求头": "",
    "嗅探词": ".mp4#.m3u8",
    "过滤词": "",
    "跳转播放链接": "var player_*url\":\"&&\"",
    "跳转解析": "",
    "搜索请求头": "User-Agent$MOBILE_UA",
    "搜索url": "https://www.fyxy666.com/search/{wd}----------{pg}---.html",
    "搜索模式": "1",
    "搜索后缀": "",
    "搜索二次截取": "",
    "搜索数组": "detail-img-link\"&&</h2>",
    "搜索标题": "title=\"&&\"",
    "搜索图片": "data-original=\"&&\"",
    "搜索副标题": "media-title*>&&<",
    "搜索链接": "href=\"&&\"",
    "筛选": "1",
    "类型": "喜剧片$7#爱情片$8#科幻片$9#恐怖片$10#剧情片$11#战争片$12#动画片$24#纪录片$23||国产剧$13#香港剧$14#韩国剧$15#欧美剧$16#台湾剧$20#日本剧$21#其它剧$22#网红短剧$33||大陆综艺$25#日韩综艺$26#港台综艺$27#欧美综艺$28||国产动漫$29#日韩动漫$30#欧美动漫$31#其它动漫$32",
    "剧情": "",
    "剧情值": "*",
    "地区": "",
    "地区值": "*",
    "年份": "",
    "年份值": "*",
    "语言": "",
    "语言值": "*",
    "字母": "A&B&C&D&E&F&G&H&I&J&K&L&M&N&O&P&Q&R&S&T&U&V&W&X&Y&Z&0-9",
    "字母值": "*",
    "排序": "时间&人气&评分",
    "排序值": "time&hits&score"
}