{
    "作者": "",
    "站名": "",
    "请求头": "User-Agent$MOBILE_UA",
    "编码": "UTF-8",
    "图片代理": "0",
    "主页url": "https://m.xgcsjb.com",
    "首页": "120",
    "起始页": "1",
    "分类url": "https://m.xgcsjb.com/vodshow/{cateId}-{area}-{by}-{class}-{lang}-{letter}---{catePg}---{year}.html;;mrcd0",
    "分类": "电影&剧集&综艺&动漫&短剧",
    "分类值": "dianying&dianshiju&zongyi&dongman&duanjudaquan",
    "二次截取": "",
    "数组": "lazyload\"&&</a>",
    "标题": "title=\"&&\"",
    "图片": "data-original=\"&&\"",
    "副标题": "text-right\">&&<",
    "链接": "href=\"&&\"",
    "影片年代": "上映时间：&&</p>",
    "影片地区": "地区：&&</p>",
    "影片类型": "类型：&&</p>",
    "状态": "更新：&&</p>",
    "导演": "导演：&&</p>",
    "主演": "主演：&&</p>",
    "简介": "👶+剧情介绍：&&</p>",
    "线路二次截取": "",
    "线路数组": "bottom-line active&&</div>",
    "线路标题": "👶+>&&</h3>",
    "播放二次截取": "",
    "播放数组": "<ul class=\"stui-content__playlist&&</ul>",
    "播放列表": "<a&&/a>",
    "播放标题": ">&&<",
    "播放链接": "href=\"&&\"",
    "解析": "",
    "直接播放": "0",
    "播放请求头": "",
    "嗅探词": ".mp4#.m3u8",
    "过滤词": "",
    "跳转播放链接": "var player_*url\":\"&&\"",
    "跳转解析": "",
    "搜索请求头": "User-Agent$MOBILE_UA",
    "搜索url": "https://m.xgcsjb.com/vodso/-------------.html?wd={wd}",
    "搜索模式": "1",
    "搜索后缀": "",
    "搜索二次截取": "",
    "搜索数组": "lazyload\"&&</a>",
    "搜索标题": "title=\"&&\"",
    "搜索图片": "data-original=\"&&\"",
    "搜索副标题": "text-right\">&&<",
    "搜索链接": "href=\"&&\"",
    "筛选": "1",
    "类型": "动作片$dongzuopian#喜剧片$xijupian#爱情片$aiqingpian#科幻片$kehuanpian#剧情片$juqingpian#恐怖片$kongbupian#战争片$zhanzhengpian#悬疑片$xuanyipian#犯罪片$fanzuipian#纪录片$jilupian#经典片$jingdianpian#歌舞$gewuMV#Netflix$Netflix||国产剧$guochanju#香港剧$xianggangju#台湾剧$taiwanju#欧美剧$oumeiju#日本剧$ribenju#韩国剧$hanju#泰剧$taiju#海外$haiwaiju||大陆综艺$daluzongyi#日韩综艺$rihanzongyi#港台综艺$gangtaizongyi#欧美综艺$oumeizongyi||国产动漫$guochandongman#日本动漫$ribendongman#欧美动漫$oumeidongman#动漫电影$dongmandianying#港台动漫$gangtaidongman||爽文短剧$shuangwenduanju#反转总裁$fanzhuanzongcai#重生穿越$zhongshengchuanyue#现代都市$xiandaidushi#古装仙侠$guzhuangxianxia",
    "剧情": "",
    "剧情值": "*",
    "地区": "",
    "地区值": "*",
    "年份": "",
    "年份值": "*",
    "语言": "",
    "语言值": "*",
    "字母": "A&B&C&D&E&F&G&H&I&J&K&L&M&N&O&P&Q&R&S&T&U&V&W&X&Y&Z&0-9",
    "字母值": "*",
    "排序": "时间&人气&评分",
    "排序值": "time&hits&score"
}