{
    "作者": "",
    "站名": "",
    "请求头": "User-Agent$MOBILE_UA",
    "编码": "UTF-8",
    "图片代理": "0",
    "主页url": "https://www.zgshunxiang.com",
    "首页": "120",
    "起始页": "1",
    "分类url": "https://www.zgshunxiang.com/type/{cateId}/by/{by}/class/{class}/lang/{lang}/page/{catePg}/year/{year}.html;;mrcd0",
    "分类": "电影&剧集&综艺&动漫&短剧",
    "分类值": "1&2&4&5&3",
    "二次截取": "",
    "数组": "lazyload\"&&</a>",
    "标题": "title=\"&&\"",
    "图片": "data-original=\"&&\"",
    "副标题": "text-center\">&&<",
    "链接": "href=\"&&\"",
    "影片年代": "年份：&&</p>",
    "影片地区": "地区：&&</p>",
    "影片类型": "分类：&&</p>",
    "状态": "更新：&&</p>",
    "导演": "导演：&&</p>",
    "主演": "主演：&&</p>",
    "简介": "👶+简介：&&</p>",
    "线路二次截取": "",
    "线路数组": "#playlist&&</li>",
    "线路标题": "👶+>&&</a>",
    "播放二次截取": "",
    "播放数组": "<ul class=\"myui-content__list&&</ul>",
    "播放列表": "<a&&/a>[不包含:蓝光高清]",
    "播放标题": ">&&<",
    "播放链接": "href=\"&&\"",
    "解析": "",
    "直接播放": "0",
    "播放请求头": "",
    "嗅探词": ".mp4#.m3u8",
    "过滤词": "",
    "跳转播放链接": "var player_*url\":\"&&\"",
    "跳转解析": "",
    "搜索请求头": "User-Agent$MOBILE_UA",
    "搜索url": "https://www.zgshunxiang.com/type/id.html?wd={wd}",
    "搜索模式": "1",
    "搜索后缀": "",
    "筛选": "1",
    "类型": "剧情片$6#动作片$7#冒险片$8#喜剧片$9#奇幻片$10#恐怖片$11#悬疑片$16#惊悚片$17#灾难片$18#爱情片$19#犯罪片$20#科幻片$21#动画电影$22#战争片$28#经典片$29||国产剧$12#港剧$13#韩剧$14#日剧$15#泰剧$23#台剧$24#欧美剧$25#新马剧$26#其他剧$27||国产综艺$30#港台综艺$31#韩国综艺$32#日本综艺$33#欧美综艺$35||国产动漫$36#日本动漫$37#韩国动漫$38#欧美动漫$39#港台动漫$40||总裁短剧$41#神豪短剧$42#穿越重生短剧$43#都市短剧$44#年代短剧$45#长篇剧场$46",
    "剧情": "",
    "剧情值": "*",
    "地区": "",
    "地区值": "*",
    "年份": "",
    "年份值": "*",
    "语言": "",
    "语言值": "*",
    "字母": "A&B&C&D&E&F&G&H&I&J&K&L&M&N&O&P&Q&R&S&T&U&V&W&X&Y&Z&0-9",
    "字母值": "*",
    "排序": "时间&人气&评分",
    "排序值": "time&hits&score"
}