{
    "作者": "",
    "站名": "",
    "请求头": "User-Agent$MOBILE_UA",
    "编码": "UTF-8",
    "图片代理": "0",
    "主页url": "https://cdn.99itv.net",
    "首页": "120",
    "起始页": "1",
    "分类url": "https://cdn.99itv.net/show/{cateId}-{area}-{by}-{class}-{lang}-{letter}---{catePg}---{year}.html;;mrcd0",
    "分类": "电影&剧集&综艺&动漫",
    "分类值": "movie&drama&variety&anime",
    "二次截取": "",
    "数组": "lazyload\"&&</a>",
    "标题": "title=\"&&\"",
    "图片": "data-original=\"&&\"",
    "副标题": "text-right\"*>&&</span",
    "链接": "href=\"&&\"",
    "影片年代": "年份：&&</a>",
    "影片地区": "地區：&&</p>",
    "影片类型": "分類：&&</p>",
    "状态": "狀態：&&</p>",
    "导演": "導演：&&</li>",
    "主演": "主演：&&</li>",
    "简介": "👶+<span class=\"data\"*>&&</span>",
    "线路二次截取": "",
    "线路数组": "#playlist&&</a>",
    "线路标题": "👶+tab\">&&<",
    "播放二次截取": "",
    "播放数组": "<ul class=\"myui-content__list&&</ul>",
    "播放列表": "<a&&/a>",
    "播放标题": ">&&<",
    "播放链接": "href=\"&&\"",
    "解析": "",
    "直接播放": "0",
    "播放请求头": "",
    "嗅探词": ".mp4#.m3u8",
    "过滤词": "",
   "跳转播放链接": "urlDecode(Base64(var player_*url\":\"&&\"))",
    "跳转解析": "",
    "搜索请求头": "User-Agent$MOBILE_UA",
    "搜索url": "https://cdn.99itv.net/search/{wd}----------{pg}---.html",
    "搜索模式": "1",
    "搜索后缀": "",
    "搜索二次截取": "",
    "搜索数组": "lazyload\"&&</a>",
    "搜索标题": "title=\"&&\"",
    "搜索图片": "data-original=\"&&\"",
    "搜索副标题": "text-right\">&&<",
    "搜索链接": "href=\"&&\"",
    "筛选": "1",
    "类型": "動作片$action#喜劇片$comedy#愛情片$lover#科幻片$sciencefiction#恐怖片$terror#劇情片$plot#戰爭片$war#動畫片$donghuapian||台灣劇$ taiwan#日劇$jp#陸劇$china#韓劇$kr#歐美劇$usa#香港劇$hkg#泰國劇$tailan||空||空",
    "剧情": "",
    "剧情值": "*",
    "地区": "",
    "地区值": "*",
    "年份": "",
    "年份值": "*",
    "语言": "",
    "语言值": "*",
    "字母": "A&B&C&D&E&F&G&H&I&J&K&L&M&N&O&P&Q&R&S&T&U&V&W&X&Y&Z&0-9",
    "字母值": "*",
    "排序": "时间&人气&评分",
    "排序值": "time&hits&score"
}