{
    "作者": "",
    "站名": "",
    "请求头": "User-Agent$MOBILE_UA",
    "编码": "UTF-8",
    "图片代理": "0",
    "主页url": "https://99itv.cc",
    "首页": "120",
    "起始页": "1",
    "分类url": "https://99itv.cc/show/{cateId}-{area}--{catePg}-{by}-{year}.html;;mrcd0",
    "分类": "電影&電視劇&綜藝&動漫",
    "分类值": "movie&drama&variety&anime",
    "二次截取": "",
    "数组": "/detail&&</a>",
    "标题": "title=\"&&\"",
    "图片": "data-original=\"&&\"",
    "副标题": "module-item-note\">&&<",
    "链接": "/detail/+/&&\"",
    "影片年代": "-----*.html\">&&</a>",
    "影片地区": "-*----.html\">&&</div>",
    "影片类型": "类型：&&</li>",
    "状态": "備註：&&</div>",
    "导演": "導演：&&</div>",
    "主演": "主演：&&</div>",
    "简介": "👶+introduction-content\">&&</div>",
    "线路二次截取": "",
    "线路数组": "module-tab-item tab-item&&/small>",
    "线路标题": "👶+>&&</span>+【共+<small>&&<+集】",
    "播放二次截取": "",
    "播放数组": "module-play-list\">&&</div>",
    "播放列表": "<a&&/a>",
    "播放标题": ">&&</span",
    "播放链接": "href=\"&&\"",
    "解析": "",
    "直接播放": "0",
    "播放请求头": "",
    "嗅探词": ".mp4#.m3u8",
    "过滤词": "",
    "跳转播放链接": "urlDecode(var player_*url\":\"&&\")",
    "跳转解析": "",
    "搜索请求头": "User-Agent$MOBILE_UA",
    "搜索url": "https://99itv.cc/search/page/{pg}/wd/{wd}.html",
    "搜索模式": "1",
    "搜索后缀": "",
    "搜索二次截取": "",
    "搜索数组": "module-item-cover\">&&</strong>",
    "搜索标题": "alt=\"&&\"",
    "搜索图片": "data-original=\"&&\"",
    "搜索副标题": "module-item-note\">&&<",
    "搜索链接": "href=\"&&\"",
    "筛选": "1",
    "类型": "動作片$action#喜劇片$comedys#愛情片$lover#科幻片$sciencefiction#恐怖片$terror#劇情片$plot#戰爭片$war#懸疑片$suspense#驚悚片$horror#奇幻片$fantasy#紀錄片$documentary#動畫電影$animated||陸劇$china#台灣劇$taiwan#歐美劇$usa#香港劇$hkg#日劇$japan#韓劇$korea#泰國劇$thailand||日韓綜藝$rihanzongyi#大陸綜藝$daluzongyi#港台綜藝$gangtaizongyi#歐美綜藝$oumeizongyi||日本動漫$jpanimation#大陸動漫$chanimation#歐美動漫$usanimation",
    "剧情": "",
    "剧情值": "*",
    "地区": "",
    "地区值": "*",
    "年份": "",
    "年份值": "*",
    "语言": "",
    "语言值": "*",
    "字母": "A&B&C&D&E&F&G&H&I&J&K&L&M&N&O&P&Q&R&S&T&U&V&W&X&Y&Z&0-9",
    "字母值": "*",
    "排序": "时间&人气&评分",
    "排序值": "time&hits&score"
}