{
    "作者": "年少轻狂",
    "站名": "",
    "请求头": "User-Agent$MOBILE_UA",
    "编码": "UTF-8",
    "图片代理": "0",
    "主页url": "https://www.svipmovie.cn",
    "首页": "120",
    "起始页": "1",
    "分类url": "/vodshow/{cateId}-{area}-{by}-{class}-{lang}-{letter}---{catePg}---{year}.html;;mrcd0",
    "分类": "电影&剧集&综艺&动漫&短剧",
    "分类值": "dianying&lianxuju&zongyipian&dongman&duanju",
    "二次截取": "",
    "数组": "/voddetail&&</a>",
    "标题": "title=\"&&\"",
    "图片": "data-original=\"&&\"",
    "副标题": "module-item-note\">&&<",
    "链接": "/voddetail/+/&&\"",
    "影片年代": "-----------*.html\">&&</a>",
    "影片地区": "-*----------.html\">&&</div",
    "影片类型": "---*--------.html\">&&</div",
    "状态": "集数: &&</div",
    "导演": "导演: &&</div>",
    "主演": "主演: &&</div>",
    "简介": "👶+introduction-content\">&&</div>",
    "线路二次截取": "",
    "线路数组": "module-tab-item tab-item&&/small>",
    "线路标题": "👶+>&&</span>+【共+<small>&&<+集】",
    "播放二次截取": "",
    "播放数组": "module-play-list\">&&</div>",
    "播放列表": "<a&&/a>",
    "播放标题": ">&&</span",
    "播放链接": "href=\"&&\"",
    "解析": "",
    "直接播放": "0",
    "播放请求头": "",
    "嗅探词": ".mp4#.m3u8",
    "过滤词": "",
    "跳转播放链接": "var player_*url\":\"&&\"",
    "跳转解析": "",
    "搜索请求头": "User-Agent$MOBILE_UA",
    "搜索url": "https://www.svipmovie.cn/vodsearch/{wd}----------{pg}---.html",
    "搜索模式": "1",
    "搜索后缀": "",
    "搜索二次截取": "",
    "搜索数组": "module-item-cover\">&&</strong>",
    "搜索标题": "alt=\"&&\"",
    "搜索图片": "data-original=\"&&\"",
    "搜索副标题": "module-item-note\">&&<",
    "搜索链接": "href=\"&&\"",
    "筛选": "1",
    "类型": "纪录片$jilupian#爱情片$aiqingpian#动作片$dongzuopian#喜剧片$xijupian#科幻片$kehuanpian#恐怖片$kongbupian#剧情片$juqingpian#战争片$zhanzhengpian#动漫电影$dongmandianying#惊悚片$jingsongpian||国产剧$guochanju#香港剧$xianggangju#欧美剧$oumeiju#韩剧$hanju#泰国剧$taiguoju#日本剧$ribenju#台湾剧$taiwanju#海外剧$haiwaiju||大陆综艺$daluzongyi#日韩综艺$rihanzongyi#港台综艺$gangtaizongyi#欧美综艺$oumeizongyi#演唱会$yanchanghui||国产动漫$guochandongman#日本动漫$ribendongman#欧美动漫$oumeidongman#海外动漫$haiwaidongman||现代都市$xiandaidushi#重生民国$zhongshengminguo#穿越现代$chuanyuexiandai#反转爽剧$fanzhuanshuangju#言情总裁$yanqingzongcai#古装仙侠$guzhuangxianxia#悬疑烧脑$xuanyishaonao",
    "剧情": "",
    "剧情值": "*",
    "地区": "",
    "地区值": "*",
    "年份": "",
    "年份值": "*",
    "语言": "",
    "语言值": "*",
    "字母": "A&B&C&D&E&F&G&H&I&J&K&L&M&N&O&P&Q&R&S&T&U&V&W&X&Y&Z&0-9",
    "字母值": "*",
    "排序": "时间&人气&评分",
    "排序值": "time&hits&score"
}