{
    "作者": "",
    "站名": "",
    "请求头": "User-Agent$MOBILE_UA",
    "编码": "UTF-8",
    "图片代理": "0",
    "主页url": "https://k.gzdtwz.com",
    "首页": "120",
    "起始页": "1",
    "分类url": "https://k.gzdtwz.com/s/{cateId}/area/{area}/by/{by}/page/{catePg}/year/{year}.html;;mrcd0",
    "分类": "电影&剧集&综艺&动漫",
    "分类值": "dianying&lianxuju&zongyi&dongman",
    "二次截取": "",
    "数组": "thumb picture\"&&</a>",
    "标题": "title=\"&&\"",
    "图片": "data-original=\"&&\"",
    "副标题": "text-center\">&&<",
    "链接": "href=\"&&\"",
    "影片年代": "年份：&&</li>",
    "影片地区": "地区：&&</li>",
    "影片类型": "类型：&&</li>",
    "状态": "状态：&&</li>",
    "导演": "导演：&&</li>",
    "主演": "主演：&&</li>",
    "简介": "👶+detail-sketch\">&&</span>",
    "线路二次截取": "",
    "线路数组": "\\#playlist&&</li>",
    "线路标题": "👶+>&&</a",
    "播放二次截取": "",
    "播放数组": "id=\"playlist&&</div>",
    "播放列表": "<a&&/a>",
    "播放标题": ">&&<",
    "播放链接": "href=\"&&\"",
    "解析": "",
    "直接播放": "0",
    "播放请求头": "",
    "嗅探词": ".mp4#.m3u8",
    "过滤词": "",
    "跳转播放链接": "var player_*url\":\"&&\"",
    "跳转解析": "",
    "搜索请求头": "User-Agent$MOBILE_UA",
    "搜索url": "/rss/index.xml?wd={wd}&cyvodpage={pg}",
    "搜索模式": "1",
    "搜索数组": "<item>&&</item>",
    "搜索标题": "<title>&&</title>[替换: *>>空]",
    "搜索图片": "<link>&&</link>",
    "搜索副标题": "<title>&&</title>[替换:* >>空]",
    "搜索链接": "<link>&&</link>",
    "跳转搜索图片": "lazyload\"*data-original=\"&&\"",
    "筛选": "1",
    "类型": "动作片$dongzuopian#喜剧片$xijupian#爱情片$aiqingpian#科幻片$kehuanpian#言情片$yanqingpian#恐怖片$kongbupian#剧情片$juqingpian#战争片$zhanzhengpian||短剧$duanju#国产剧$guochanju#港台剧$gangtaiju#日韩剧$rihanju#欧美剧$oumeiju#其他剧$qitaju||空||空",
    "剧情": "",
    "剧情值": "*",
    "地区": "",
    "地区值": "*",
    "年份": "",
    "年份值": "*",
    "语言": "",
    "语言值": "*",
    "字母": "A&B&C&D&E&F&G&H&I&J&K&L&M&N&O&P&Q&R&S&T&U&V&W&X&Y&Z&0-9",
    "字母值": "*",
    "排序": "时间&人气&评分",
    "排序值": "time&hits&score"
}