{
    "作者": "",
    "站名": "",
    "请求头": "User-Agent$MOBILE_UA",
    "编码": "UTF-8",
    "图片代理": "0",
    "主页url": "https://www.visiontv.club",
    "首页": "120",
    "起始页": "1",
    "分类url": "https://www.visiontv.club/index.php/vod/show/area/{area}/by/{by}/class/{class}/id/{cateId}/lang/{lang}/page/{catePg}/year/{year}.html;;mrcd0",
    "分类": "电影&剧集&综艺&动漫",
    "分类值": "1&2&3&4",
    "二次截取": "",
    "数组": "public-list-exp\"&&</a>",
    "标题": "title=\"&&\"",
    "图片": "data-src=\"&&\"",
    "副标题": "hide ft2\">&&<",
    "链接": "href=\"&&\"",
    "影片年代": "年份：&&</a>",
    "影片地区": "地区：&&</li>",
    "影片类型": "类型：&&</li>",
    "状态": "状态：&&</li>",
    "导演": "导演：&&</li>",
    "主演": "主演：&&</li>",
    "简介": "👶+简介：&&</li>",
    "线路二次截取": "anthology-tab nav&&</div",
    "线路数组": "<a&&/a>",
    "线路标题": "👶+>&&</span>",
    "播放二次截取": "",
    "播放数组": "anthology-list-play&&</ul>",
    "播放列表": "<a&&/a>",
    "播放标题": ">&&<",
    "播放链接": "href=\"&&\"",
    "解析": "",
    "直接播放": "0",
    "播放请求头": "",
    "嗅探词": ".mp4#.m3u8",
    "过滤词": "",
    "跳转播放链接": "var player_*url\":\"&&\"",
    "跳转解析": "",
    "搜索请求头": "User-Agent$MOBILE_UA",
    "搜索url": "https://www.visiontv.club/index.php/vod/search/page/{pg}/wd/{wd}.html",
    "搜索模式": "1",
    "搜索后缀": "",
    "搜索二次截取": "",
    "搜索数组": "public-list-exp\"&&</a>",
    "搜索标题": "title=\"&&\"",
    "搜索图片": "data-src=\"&&\"",
    "搜索副标题": "hide ft2\">&&<",
    "搜索链接": "href=\"&&\"",
    "筛选": "1",
    "类型": "动作$6#喜剧$7#爱情$8#科幻$9#恐怖$10#剧情$11#战争$12||中国地区$13#中国港台地区$14#日韩地区$15#欧美地区$16||空||空",
    "剧情": "",
    "剧情值": "*",
    "地区": "",
    "地区值": "*",
    "年份": "",
    "年份值": "*",
    "语言": "",
    "语言值": "*",
    "字母": "A&B&C&D&E&F&G&H&I&J&K&L&M&N&O&P&Q&R&S&T&U&V&W&X&Y&Z&0-9",
    "字母值": "*",
    "排序": "时间&人气&评分",
    "排序值": "time&hits&score"
}