{
    "作者": "",
    "站名": "",
    "请求头": "User-Agent$MOBILE_UA",
    "编码": "UTF-8",
    "图片代理": "0",
    "主页url": "https://www.1nuo3.com",
    "首页": "120",
    "起始页": "1",
    "分类url": "https://www.1nuo3.com/show/{cateId}/by/{by}/letter/{letter}/page/{catePg}.html;;mrcd0",
    "分类": "电影&剧集&综艺&动漫",
    "分类值": "dianying&dianshiju&zongyi&dongman",
    "二次截取": "",
    "数组": "hl-lazy\"&&</a>",
    "标题": "title=\"&&\"",
    "图片": "data-original=\"&&\"",
    "副标题": "remarks\">&&<",
    "链接": "href=\"&&\"",
    "影片年代": "年份：&&</li>",
    "影片地区": "地区：&&</li>",
    "影片类型": "类型：&&</li>",
    "状态": "状态：&&</li>",
    "导演": "导演：&&</li>",
    "主演": "主演：&&</li>",
    "简介": "👶+hl-content-text\">&&</em>",
    "线路二次截取": "",
    "线路数组": "class=\"hl-tabs-btn&&</a>",
    "线路标题": "👶+</i>&&<",
    "播放二次截取": "",
    "播放数组": "id=\"hl-plays-list&&</ul>",
    "播放列表": "<a&&/a>",
    "播放标题": ">&&<",
    "播放链接": "href=\"&&\"",
    "解析": "",
    "直接播放": "0",
    "播放请求头": "",
    "嗅探词": ".mp4#.m3u8",
    "过滤词": "",
    "跳转播放链接": "var player_*url\":\"&&\"",
    "跳转解析": "",
    "搜索请求头": "User-Agent$MOBILE_UA",
    "搜索url": "https://www.1nuo3.com/search/page/{pg}/wd/{wd}.html",
    "搜索模式": "1",
    "搜索后缀": "",
    "搜索二次截取": "",
    "搜索数组": "hl-lazy\"&&</a>",
    "搜索标题": "title=\"&&\"",
    "搜索图片": "data-original=\"&&\"",
    "搜索副标题": "remarks\">&&<",
    "搜索链接": "href=\"&&\"",
    "筛选": "1",
    "类型": "动作片$dongzuopian#喜剧片$xijupian#科幻片$kehuanpian#恐怖片$kongbupian#爱情片$aiqingpian#剧情片$juqingpian#战争片$zhanzhengpian#纪录片$jilupian#预告片$yugaopian#动画片$donghuapian#犯罪片$fanzuipian||国产剧$guochanju#欧美剧$oumeiju#香港剧$xianggangju#韩国剧$hanguoju#台湾剧$taiwanju#日本剧$ribenju#海外剧$haiwaiju#泰国剧$taiguoju||大陆综艺$dalu zongyi#港台综艺$gangtaizongyi#日韩综艺$rihanzongyi#欧美综艺$oumeizongyi||国产动漫$guochandongman#日韩动漫$rihandongman#欧美动漫$oumeidongman#港台动漫$gangtaidongman#海外动漫$haiwaidongman",
    "剧情": "",
    "剧情值": "*",
    "地区": "",
    "地区值": "*",
    "年份": "",
    "年份值": "*",
    "语言": "",
    "语言值": "*",
    "字母": "A&B&C&D&E&F&G&H&I&J&K&L&M&N&O&P&Q&R&S&T&U&V&W&X&Y&Z&0-9",
    "字母值": "*",
    "排序": "时间&人气&评分",
    "排序值": "time&hits&score"
}