{
    "作者": "年少轻狂",
    "站名": "",
    "请求头": "User-Agent$MOBILE_UA",
    "编码": "UTF-8",
    "图片代理": "0",
    "主页url": "https://www.pkavi.com",
    "首页": "120",
    "起始页": "1",
    "分类url": "/ms/{cateId}-{area}-{by}-{class}-{lang}-{letter}---{catePg}---{year}.html;;mrcd0",
    "分类": "电影&剧集&综艺&动漫&短剧",
    "分类值": "1&2&3&4&30",
    "二次截取": "pic-list clearfix\">&&class=\"pages",
    "数组": "<li>&&</li>",
    "标题": "title=\"&&\"",
    "图片": "src=\"&&\"",
    "副标题": "</i>&&<",
    "链接": "href=\"&&\"",
    "影片年代": "年份：&&</a>",
    "影片地区": "地区：&&</p>",
    "影片类型": "类型：&&</p>",
    "状态": "状态：&&</p>",
    "导演": "导演：&&</p>",
    "主演": "主演：&&</p>",
    "简介": "👶+简介：&&</p>",
    "线路二次截取": "class=\"hd right&&</div",
    "线路数组": "<option&&</option>",
    "线路标题": "👶+>&&<",
    "播放二次截取": "",
    "播放数组": "<ul class=\"player\">&&</ul>",
    "播放列表": "<a&&/a>",
    "播放标题": ">&&<",
    "播放链接": "href=\"&&\"",
    "解析": "",
    "直接播放": "0",
    "播放请求头": "",
    "嗅探词": ".mp4#.m3u8",
    "过滤词": "",
    "跳转播放链接": "var player_*url\":\"&&\"",
    "跳转解析": "",
    "搜索请求头": "User-Agent$MOBILE_UA",
    "搜索url": "/index.php/ajax/suggest?mid=1&wd={wd}&page={pg}&limit=30",
    "搜索模式": "1",
    "搜索二次截取": "list\":\\[&&\\]",
    "搜索数组": "{&&}",
    "搜索标题": "name\":\"&&\"",
    "搜索图片": "pic\":\"&&\"",
    "搜索副标题": "en\":\"&&\"",
    "搜索链接": "/mv/+id\":&&,+.html",
    "筛选": "1",
    "类型": "",
    "剧情": "剧情&科幻&动作&喜剧&爱情&冒险&儿童&歌舞&音乐&奇幻&动画&恐怖&惊悚&丧尸&战争&传记&纪录&犯罪&悬疑&西部&灾难&古装&武侠&家庭&短片&校园&文艺&运动&青春&同性&励志&人性&美食&女性&治愈&历史||剧情&科幻&动作&喜剧&爱情&冒险&儿童&歌舞&音乐&奇幻&动画&恐怖&惊悚&丧尸&战争&传记&纪录&犯罪&悬疑&西部&灾难&古装&武侠&家庭&短片&校园&文艺&运动&青春&同性&励志&人性&美食&女性&治愈&历史||真人秀&脱口秀&选秀&情感&喜剧&访谈&播报&旅游&音乐&美食&纪实&曲艺&生活&游戏&财经&求职&体育&MV&纪录||剧情&萌系&科幻&日常&战斗&战争&热血&机战&游戏&搞笑&恋爱&后宫&百合&基腐&冒险&儿童&歌舞&音乐&奇幻&恐怖&惊悚&犯罪&悬疑&西部&灾难&古装&武侠&泡面&校园&运动&体育&青春&美食&治愈&致郁&励志&历史&其他||短剧&古装&复仇&强者&悬疑&甜宠&神豪&穿越&虐恋&逆袭&重生&萌宝",
    "剧情值": "*",
    "地区": "",
    "地区值": "*",
    "年份": "",
    "年份值": "*",
    "语言": "",
    "语言值": "*",
    "字母": "A&B&C&D&E&F&G&H&I&J&K&L&M&N&O&P&Q&R&S&T&U&V&W&X&Y&Z&0-9",
    "字母值": "*",
    "排序": "时间&人气&评分",
    "排序值": "time&hits&score"
}