{
    "作者": "",
    "站名": "",
    "请求头": "User-Agent$MOBILE_UA",
    "编码": "UTF-8",
    "图片代理": "0",
    "主页url": "http://www.7hutv.com",
    "首页": "120",
    "起始页": "1",
    "分类url": "http://www.7hutv.com/humulu{cateId}-wd-{class}--{year}--{by}-{area}--fenye{catePg}.html;;mrcd0",
    "分类": "电影&剧集&综艺&动漫",
    "分类值": "1&2&4&3",
    "二次截取": "",
    "数组": "<li>&&</li>",
    "标题": "title=\"&&\"",
    "图片": "src=\"&&\"",
    "副标题": "actor\">&&<",
    "链接": "href=\"&&\"",
    "影片年代": "年代：&&</dd>",
    "影片地区": "地区：&&</dd>",
    "影片类型": "类型：&&</dd>",
    "状态": "状态：&&</dd>",
    "导演": "导演：&&</dd>",
    "主演": "主演：&&</dd>",
    "简介": "👶+剧情：&&</dd>",
    "线路二次截取": "",
    "线路数组": "ptit clearfix\">&&</div>",
    "线路标题": "👶+>&&</b>",
    "播放二次截取": "",
    "播放数组": "<ul class=\"clearfix\">&&</ul>",
    "播放列表": "<a&&/a>",
    "播放标题": ">&&<",
    "播放链接": "href=\"&&\"",
    "解析": "",
    "直接播放": "0",
    "播放请求头": "",
    "嗅探词": ".mp4#.m3u8",
    "过滤词": "",
    "跳转播放链接": "var url =\"&&\"",
    "跳转解析": "var jiekou =\"&&\"",
    "搜索请求头": "User-Agent$MOBILE_UA",
    "搜索url": "http://www.7hutv.com/husou-wd-{wd}-fenye{pg}.html",
    "搜索模式": "1",
    "搜索后缀": "",
    "搜索二次截取": "",
    "搜索数组": "<li>&&</li>",
    "搜索标题": "title=\"&&\"",
    "搜索图片": "src=\"&&\"",
    "搜索副标题": "备注：&&</p",
    "搜索链接": "href=\"&&\"",
    "筛选": "1",
    "类型": "动作片$7#喜剧片$8#爱情片$9#科幻片$10#恐怖片$11#剧情片$12#战争片$13||大陆剧$15#香港剧$16#台湾剧$17#韩国剧$18#日本剧$19#欧美剧$20#泰国剧$21||空||空",
    "剧情": "真人秀$161#脱口秀$94#西部$93#怀旧经典$91#生活$86#警匪$83#武侠$81#理论$80#穿越$73#鬼怪$66#犯罪$103#励志$107#动画$110#偶像$152#末日$145#黑帮$143#家庭$139#先锋$132#魔幻$119#吸血鬼$114#青春$112#动画电影$111#歌舞$65#僵尸$40#历史$39#漫画改编$25#冒险$24#动作$23#悬疑$22#惊悚$21#奇幻$20#科幻$19#剧情$18#爱情$17#恐怖$26#传记$27#战争$28#罪案$38#灾难$37#丧尸$36#同性$35#超级英雄$33#运动$32#纪录片$31#古装$30#网大$29#喜剧$16||同性$156#KBS$126#情感$124#MBC$123#民初$120#AMC$118#SBS$116#商战$115#谍战$113#运动$109#律政$108#武侠$101#军旅$100#TVB$127#TBS$129#动画$130#时装$155#动画电影$151#神话$150#脱口秀$149#理论$148#BBC$147#冒险$146#青春$144#生活$137#校园$136#搞笑$135#NHK$133#刑侦$99#励志$98#粤语剧集$13#医疗$12#恐怖$11#科幻$10#动作$9#真人秀$8#家庭$7#古装$6#爱情$5#剧情$4#喜剧$3#悬疑$2#历史$14#奇幻$15#宫廷$34#警匪$97#TVN$92#偶像$90#言情$89#战争$88#抗日$87#惊悚$79#农村$78#穿越$77#都市$72#传记$71#纪录片$64#犯罪$1||真人秀$41#晚会$158#访谈$154#情感$121#亲子$96#游戏$95#选秀$84#搞笑$82#生活$69#纪实$68#纪录片$67#看点$59#音乐$57#旅游$52#娱乐$50#歌舞$49#脱口秀$43#美食$42#相亲$160||剧情$44#历史$102#动画$104#古装$105#经典$106#青春$117#校园$122#神魔$125#魔法$128#悬疑$131#歌舞$134#运动$138#竞技$140#恐怖$141#亲子$142#灾难$153#犯罪$157#真人$85#奇幻$76#动作$75#格斗$45#魔幻$46#搞笑$47#冒险$48#热血$51#少女$53#恋爱$54#动画电影$55#科幻$56#爱情$58#布袋戏$60#儿童$61#励志$62#推理$63#益智$70#喜剧$74#惊悚$159",
    "地区": "大陆$dalu#美国$meiguo#香港$xianggang#台湾$taiwan#韩国$hanguo#日本$riben#泰国$taiguo#新加坡$xinjiapo#马来西亚$malai xiya#印度$yindu#英国$yingguo#法国$faguo#加拿大$jianada",
    "地区值": "*",
    "年份": "",
    "年份值": "*",
    "语言": "",
    "字母值": "*",
    "排序": "时间&人气&评分",
    "排序值": "addtime&hits&gold"
}