{
    "作者": "🐉龍哥🐉",
    "站名": "三哥影院",
    "编码": "UTF-8",
    "请求头": "User-Agent$MOBILE_UA",
    "主页url": "http://gzszzs.com/",
    "首页": "200",
    "数组": "myui-vodlist__box\">&&</li>",
    "副标题": "ff489c;\">&&</span>",
    "标题": "title=\"&&\"",
    "图片": "data-original=\"&&\"",
    "影片年代": "年份：&&</p>",
    "影片地区": "地区：&&</p>",
    "影片类型": "标签：&&</p>",
    "状态": "更新：&&</p>",
    "导演": "导演：&&</p>",
    "主演": "演员：&&</p>",
    "简介": "👶+剧情介绍：&&</span>",
    "搜索模式": "1",
    "线路数组": "#playlist&&</li>",
    "线路标题": "👶+>&&</a>",
    "播放二次截取": "",
    "播放数组": "sort-list clearfix\"&&</ul>",
    "播放列表": "<a&&/a>",
    "播放标题": ">&&<",
    "播放链接": "href=\"&&\"",
    "搜索url": "http://gzszzs.com/search/{wd}----------{pg}---.html",
    "起始页": "1",
    "分类url": "http://gzszzs.com/show/{cateId}-{area}-{by}-{class}-{lang}-{letter}---{catePg}---{year}.html;;mrcd0",
    "链接": "href=\"&&\"",
    "跳转播放链接": "var player_*\"url\":\"&&\"",
    "分类": "电影$1#电视剧$2#综艺$3#动漫$4#小短剧$30#伦理区$36",
    "筛选": "1",
    "类型": ""
}