{
    "作者": "",
    "站名": "",
    "请求头": "User-Agent$MOBILE_UA",
    "编码": "UTF-8",
    "图片代理": "0",
    "主页url": "http://lj721.cc",
    "首页": "120",
    "起始页": "1",
    "分类url": "http://lj721.cc/3ms/{cateId}/area/{area}/class/{class}/letter/{letter}/page/{catePg}/year/{year}/;;mrcd0",
    "分类": "电影&剧集&综艺&动漫",
    "分类值": "dianying&dianshiju&zongyi&dongman",
    "二次截取": "",
    "数组": "lazyload\"&&</a>",
    "标题": "title=\"&&\"",
    "图片": "data-original=\"&&\"",
    "副标题": "text-center\">&&<",
    "链接": "href=\"&&\"",
    "影片年代": "年份：&&</p>",
    "影片地区": "地区：&&</p>",
    "影片类型": "类型：&&</p>",
    "状态": "更新：&&</p>",
    "导演": "导演：&&</p>",
    "主演": "主演：&&</p>",
    "简介": "👶+简介：&&<br>",
    "线路二次截取": "",
    "线路数组": "bottom-line active&&</div>",
    "线路标题": "👶+title\">&&<",
    "播放二次截取": "",
    "播放数组": "ewave-content__playlist&&</ul>",
    "播放列表": "<a&&/a>",
    "播放标题": ">&&<[不包含:1080P]",
    "播放链接": "href=\"&&\"",
    "解析": "",
    "直接播放": "0",
    "播放请求头": "",
    "嗅探词": ".mp4#.m3u8",
    "过滤词": "",
    "跳转播放链接": "var player_*url\":\"&&\"",
    "跳转解析": "",
    "搜索请求头": "User-Agent$MOBILE_UA",
    "搜索url": "/index.php/ajax/suggest?mid=1&wd={wd}&page={pg}&limit=30",
    "搜索模式": "1",
    "搜索二次截取": "list\":\\[&&\\]",
    "搜索数组": "{&&}",
    "搜索标题": "name\":\"&&\"",
    "搜索图片": "pic\":\"&&\"",
    "搜索副标题": "en\":\"&&\"",
    "搜索链接": "/3mys/+id\":&&,+.html",
    "筛选": "1",
    "类型": "动作$dongzuo#喜剧$xiju#爱情$aiqing#科幻$kehuan#剧情$juqing#恐怖$kongbu#战争$zhanzheng#悬疑$xuanyi#动画$donghua#纪录$jilu#福利$fuli||大陆剧$dalujv#欧美剧$oumeiju#港澳剧$gangaoju#韩国剧$hanguoju#台湾剧$taiwanju#泰国剧$taiguoju#日本剧$ribenju#短剧$duanju||大陆综艺$dlzy#港台综艺$gtzy#日韩综艺$rhzy#欧美综艺$omzy||国产动漫$gcdm#日韩动漫$rhdm#欧美动漫$omdm#海外动漫$hwdm",
    "剧情": "",
    "剧情值": "*",
    "地区": "",
    "地区值": "*",
    "年份": "",
    "年份值": "*",
    "语言": "",
    "语言值": "*",
    "字母": "A&B&C&D&E&F&G&H&I&J&K&L&M&N&O&P&Q&R&S&T&U&V&W&X&Y&Z&0-9",
    "字母值": "*",
    "排序": "时间&人气&评分",
    "排序值": "time&hits&score"
}