{
    "作者": "",
    "站名": "",
    "请求头": "User-Agent$MOBILE_UA",
    "编码": "UTF-8",
    "图片代理": "0",
    "主页url": "https://bkvcd.com",
    "首页": "120",
    "起始页": "1",
    "分类url": "https://bkvcd.com/show/{cateId}-{area}-{by}-{class}-{lang}-{letter}---{catePg}---{year}.html;;mrcd0",
    "分类": "电影&剧集&综艺&动漫&短剧",
    "分类值": "1&2&3&4&19",
    "二次截取": "",
    "数组": "link-hover\"&&</a>",
    "标题": "title=\"&&\"",
    "图片": "src=\"&&\"",
    "副标题": "other\"><i>&&<",
    "链接": "href=\"&&\"",
    "影片年代": "年份：&&</dd>",
    "影片地区": "地区：&&</dd>",
    "影片类型": "类型：&&</dt>",
    "状态": "状态：&&</li>",
    "导演": "导演：&&</dd>",
    "主演": "主演：&&</dt>",
    "简介": "👶+tab-jq\">&&</div>",
    "线路二次截取": "class=\"playfrom&&</div",
    "线路数组": "<li&&/li>",
    "线路标题": "👶+</i>&&<",
    "播放二次截取": "",
    "播放数组": "videourl clearfix\">&&</div>",
    "播放列表": "<a&&/a>",
    "播放标题": ">&&<",
    "播放链接": "href=\"&&\"",
    "解析": "",
    "直接播放": "0",
    "播放请求头": "",
    "嗅探词": ".mp4#.m3u8",
    "过滤词": "",
    "跳转播放链接": "var player_*url\":\"&&\"",
    "跳转解析": "",
    "搜索请求头": "User-Agent$MOBILE_UA",
    "搜索url": "https://bkvcd.com/search/{wd}----------{pg}---.html",
    "搜索模式": "1",
    "搜索后缀": "",
    "搜索二次截取": "",
    "搜索数组": "link-hover\"&&</a>",
    "搜索标题": "title=\"&&\"",
    "搜索图片": "src=\"&&\"",
    "搜索副标题": "other\"><i>&&<",
    "搜索链接": "href=\"&&\"",
    "筛选": "1",
    "类型": "动作片$5#喜剧片$6#爱情片$7#科幻片$8#恐怖片$9#剧情片$10#战争片$11#纪录片$22#动漫电影$33#邵氏经典$37#伦理片$20||国产剧$12#香港剧$13#台湾剧$14#日本剧$15#韩国剧$16#欧美剧$17#海外剧$18||内地综艺$23#港台综艺$24#日韩综艺$25#欧美综艺$26||国产动漫$28#日韩动漫$30#欧美动漫$31||空",
    "剧情": "",
    "剧情值": "*",
    "地区": "",
    "地区值": "*",
    "年份": "",
    "年份值": "*",
    "语言": "",
    "语言值": "*",
    "字母": "A&B&C&D&E&F&G&H&I&J&K&L&M&N&O&P&Q&R&S&T&U&V&W&X&Y&Z&0-9",
    "字母值": "*",
    "排序": "时间&人气&评分",
    "排序值": "time&hits&score"
}