{
    "作者": "",
    "站名": "",
    "请求头": "User-Agent$MOBILE_UA",
    "编码": "UTF-8",
    "图片代理": "0",
    "主页url": "http://www.leleyya.com",
    "首页": "120",
    "起始页": "1",
    "分类url": "http://www.leleyya.com/s/{cateId}/area/{area}/by/{by}/class/{class}/page/{catePg}/year/{year}.html;;mrcd0",
    "分类": "电影&剧集&综艺&动漫",
    "分类值": "dianying&lianxuju&zongyi&dongman",
    "二次截取": "",
    "数组": "<li>&&</li>",
    "标题": "alt=\"&&\"",
    "图片": "src=\"&&\"",
    "副标题": "rate\">&&<+note*>&&</span",
    "链接": "href=\"&&\"",
    "影片年代": "年份：&&</a>",
    "影片地区": "地区：&&</div>",
    "影片类型": "类型：&&</div>",
    "状态": "状态：&&</li>",
    "导演": "导演：&&</div>",
    "主演": "主演：&&</div>",
    "简介": "👶+简介：&&</span>",
    "线路二次截取": "",
    "线路数组": "<dt id=\"listab&&/dt>",
    "线路标题": "👶+>&&<",
    "播放二次截取": "",
    "播放数组": "class=\"playlist clearfix&&</div>[替换:play(>>sid=#,>>\\&nid=]",
    "播放列表": "<a&&/a>",
    "播放标题": ">&&<",
    "播放链接": "onclick=\"&&)",
    "播放链接前缀": "http://www.leleyya.com+get(\"&&sid",
    "解析": "",
    "直接播放": "0",
    "播放请求头": "",
    "嗅探词": ".mp4#.m3u8",
    "过滤词": "",
    "跳转播放链接": "<iframe*src=\"&&\"",
    "跳转解析": "",
    "搜索请求头": "User-Agent$MOBILE_UA",
    "搜索url": "http://www.leleyya.com/t/id.html?wd={wd}",
    "搜索模式": "1",
    "筛选": "1",
    "类型": "",
    "剧情": "",
    "剧情值": "*",
    "地区": "",
    "地区值": "*",
    "年份": "",
    "年份值": "*",
    "语言": "",
    "语言值": "*",
    "字母值": "*",
    "排序": "时间&人气&评分",
    "排序值": "time&hits&score"
}