{
    "作者": "",
    "站名": "",
    "请求头": "User-Agent$MOBILE_UA",
    "编码": "UTF-8",
    "图片代理": "0",
    "主页url": "https://www.guixiangjiancai.com/",
    "首页": "120",
    "起始页": "1",
    "分类url": "https://www.guixiangjiancai.com/jzsw/5---{cateId}-----{catePg}---.html;;mrcd0",
    "分类": "短剧&女频恋爱&反转爽&脑洞悬疑&年代穿越&古装仙侠&现代都市",
    "分类值": "*",
    "二次截取": "",
    "数组": "BrowseList_itemImg\"&&BrowseList_bookIntro",
    "标题": "BrowseList_bookName*>&&</a",
    "图片": "src=\"&&\"",
    "副标题": "BrowseList_lastChapter*>&&</a",
    "链接": "href=\"&&\"",
    "影片年代": "年份：&&</a>",
    "影片地区": "地区：&&</li>",
    "影片类型": "类型：&&</li>",
    "状态": "状态：&&</li>",
    "导演": "导演：&&</li>",
    "主演": "主演：&&</li>",
    "简介": "👶+简介：&&</p>",
    "线路二次截取": "",
    "线路数组": "role=\"tab\"&&/div>",
    "线路标题": "👶+false\">&&<",
    "播放二次截取": "",
    "播放数组": "CatalogList_content\">&&</div>",
    "播放列表": "<a&&/a>",
    "播放标题": ">&&<[不包含:APP]",
    "播放链接": "href=\"&&\"",
    "解析": "",
    "直接播放": "0",
    "播放请求头": "",
    "嗅探词": ".mp4#.m3u8",
    "过滤词": "",
    "跳转播放链接": "var player_*url\":\"&&\"",
    "跳转解析": "",
    "搜索请求头": "User-Agent$MOBILE_UA",
    "搜索url": "https://www.guixiangjiancai.com/jzsc/{wd}----------{pg}---.html",
    "搜索模式": "1",
    "搜索后缀": "",
    "搜索二次截取": "",
    "搜索数组": "MTagBookList_bookImageBox\"&&MTagBookList_intro",
    "搜索标题": "MTagBookList_bookName*>&&</a",
    "搜索图片": "src=\"&&\"",
    "搜索副标题": "img alt=\"&&\"",
    "搜索链接": "href=\"&&\"",
    "筛选": "1",
    "类型": "",
    "剧情": "",
    "剧情值": "*",
    "地区": "",
    "地区值": "*",
    "年份": "",
    "年份值": "*",
    "语言": "",
    "语言值": "*",
    "字母": "A&B&C&D&E&F&G&H&I&J&K&L&M&N&O&P&Q&R&S&T&U&V&W&X&Y&Z&0-9",
    "字母值": "*",
    "排序": "时间&人气&评分",
    "排序值": "time&hits&score"
}