{
    "作者": "",
    "站名": "",
    "请求头": "User-Agent$MOBILE_UA",
    "编码": "UTF-8",
    "图片代理": "0",
    "主页url": "https://eynytv.com",
    "首页": "120",
    "起始页": "1",
    "分类url": "/index.php/ajax/data?mid=1&tid={cateId}&page={catePg}&limit=30",
    "分类": "电影$1#剧集$2#综艺$3#动漫$4",
    "二次截取": "list\":\\[&&\\][替换:\"vod_id>>电线杆子\"vod_id#\"vod_year>>鸡毛掸子\"vod_year]",
    "数组": "电线杆子&&鸡毛掸子",
    "标题": "vod_name\":\"&&\"",
    "图片": "vod_pic\":\"&&\"",
    "副标题": "vod_remarks\":\"&&\"",
    "链接": "/voddetail/+vod_id\":&&,+.html",
    "影片年代": "-------------*.html\" target=\"_blank\">&&</a>",
    "影片地区": "--*-----------.html\" target=\"_blank\">&&</div>",
    "影片类型": "----*---------.html\" target=\"_blank\">&&</div>",
    "状态": "集數：&&</div>",
    "导演": "導演：&&</div>",
    "主演": "主演：&&</div>",
    "简介": "👶+<p class=\"sqjj_a\"*>&&</p>",
    "线路二次截取": "",
    "线路数组": "module-tab-item tab-item&&/small>",
    "线路标题": "👶+>&&</span>+【共+<small>&&<+集】",
    "播放二次截取": "",
    "播放数组": "module-blocklist\">&&</div>",
    "播放列表": "<a&&/a>",
    "播放标题": ">&&</span",
    "播放链接": "href=\"&&\"",
    "解析": "",
    "直接播放": "0",
    "播放请求头": "",
    "嗅探词": ".mp4#.m3u8",
    "过滤词": "",
    "跳转播放链接": "var player_*url\":\"&&\"",
    "跳转解析": "",
    "搜索请求头": "User-Agent$MOBILE_UA",
    "搜索url": "https://eynytv.com/vodsearch/{wd}----------{pg}---.html",
    "搜索模式": "1",
    "搜索后缀": "",
    "搜索二次截取": "",
    "搜索数组": "module-item-cover\">&&</strong>",
    "搜索标题": "title=\"&&\"",
    "搜索图片": "data-src=\"&&\"",
    "搜索副标题": "title=\"*>&&</a",
    "搜索链接": "href=\"&&\"",
    "筛选": "1",
    "类型": "動作片$6#喜劇片$7#愛情片$8#科幻片$9#恐怖片$10#劇情片$11#倫理片$27#戰爭片$12||泰劇$37#陸劇$13#港劇$14#台劇$15#日劇$16#韓劇$23#美劇$24#海外劇$25||大陸綜藝$28#日韓綜藝$29#港台綜藝$30#歐美綜藝$31||港台動漫$32#日韓動漫$33#大陸動漫$34#歐美動漫$35#海外動漫$36",
    "剧情": "",
    "剧情值": "*",
    "地区": "",
    "地区值": "*",
    "年份": "",
    "年份值": "*",
    "语言": "",
    "语言值": "*",
    "字母": "A&B&C&D&E&F&G&H&I&J&K&L&M&N&O&P&Q&R&S&T&U&V&W&X&Y&Z&0-9",
    "字母值": "*",
    "排序": "时间&人气&评分",
    "排序值": "time&hits&score"
}