{
    "作者": "",
    "站名": "",
    "请求头": "User-Agent$MOBILE_UA",
    "编码": "UTF-8",
    "图片代理": "0",
    "主页url": "http://ylgzg.com/",
    "首页": "120",
    "起始页": "1",
    "分类url": "http://ylgzg.com/vodshow/{cateId}-{area}-{by}------{catePg}---.html;;mrcd0",
    "分类": "电影&剧集&综艺&动漫&短剧",
    "分类值": "1&2&3&4&29",
    "二次截取": "",
    "数组": "link\"&&</a>",
    "标题": "title=\"&&\"",
    "图片": "data-src=\"&&\"",
    "副标题": "tag1\">&&</div",
    "链接": "href=\"&&\"[替换:v>>p#.html>>-1-1.html]",
    "影片年代": "年份：&&</a>",
    "影片地区": "地区：&&</li>",
    "影片类型": "类型：&&</li>",
    "状态": "状态：&&</li>",
    "导演": "导演：&&</li>",
    "主演": "主演：&&</li>",
    "简介": "👶+简介：&&</p>",
    "线路二次截取": "hd clearfix\">&&</div",
    "线路数组": "<span&&/span>",
    "线路标题": "👶+>&&<",
    "播放二次截取": "source clearfix\">&&<h4>",
    "播放数组": "list\"&&</div",
    "播放列表": "<a&&/a>",
    "播放标题": "</em>&&<",
    "播放链接": "href=\"&&\"",
    "解析": "",
    "直接播放": "0",
    "播放请求头": "",
    "嗅探词": ".mp4#.m3u8",
    "过滤词": "",
    "跳转播放链接": "var player_*url\":\"&&\"",
    "跳转解析": "",
    "搜索请求头": "User-Agent$MOBILE_UA",
    "搜索url": "http://ylgzg.com/vodsearch/{wd}/page/{pg}.html",
    "搜索模式": "1",
    "搜索后缀": "",
    "搜索二次截取": "",
    "搜索数组": "link\"&&</a>",
    "搜索标题": "title=\"&&\"",
    "搜索图片": "data-src=\"&&\"",
    "搜索副标题": "tag1\">&&</div",
    "搜索链接": "href=\"&&\"[替换:v>>p#.html>>-1-1.html]",
    "筛选": "1",
    "类型": "动作片$6#喜剧片$7#爱情片$8#科幻片$9#恐怖片$10#剧情片$11#战争片$12||国产剧$13#港台剧$14#日韩剧$17#美剧$15#午夜$20||内地综艺$21#港台综艺$24#日韩综艺$22#欧美综艺$23||国产动漫$25#港台动漫$28#日韩动漫$26#欧美动漫$27||空",
    "剧情": "",
    "剧情值": "*",
    "地区": "",
    "地区值": "*",
    "年份": "",
    "年份值": "*",
    "排序": "时间&人气&评分",
    "排序值": "time&hits&score"
}