{
    "作者": "🐰兔爷🐇",
    "站名": "低端影视",
    "编码": "UTF-8",
    "请求头": "User-Agent$MOBILE_UA",
    "主页url": "https://www.ddys.run",
    "首页": "200",
    "起始页": "1",
    "分类url": "https://www.ddys.run/list/{cateId}-{area}-{by}-{class}-{lang}-{letter}---{catePg}---{year}.html;;mrcRA",
    "分类": "电影&剧集&动漫",
    "分类值": "dianying&juji&dongman",
    "数组": "<a class=\"stui-vodlist__thumb&&</a",
    "图片": "data-original=\"&&\"",
    "标题": "title=\"&&\"",
    "副标题": "text-right\">&&<",
    "链接": "href=\"&&\"",
    "影片年代": "年份：&&</p",
    "影片地区": "地区：&&/",
    "影片类型": "类型：&&/",
    "状态": "",
    "导演": "导演：&&</p",
    "主演": "主演：&&</p",
    "简介": "请不要相信任何广告！！！祝您观影愉快！🐰兔爷🐇为您介绍剧情👉-+detail-content*>&&<",
    "线路数组": "class=\"pull-right&&/h",
    "线路标题": "<h*>&&<",
    "播放数组": "stui-content__playlist&&</ul",
    "倒序": "",
    "列表二次截取": "",
    "播放列表": "<li&&</li",
    "播放标题": "<a*>&&<",
    "播放链接": "href=\"&&\"",
    "跳转播放链接": "var player_*\"url\":\"&&\"",
    "二次跳转播放链接": "var data =*\"url\":\"&&\"",
    "跳转解析": "默认$https://www.ddys.run/ddcloud/index.php?url=",
    "搜索url": "/search/{wd}----------{pg}---.html",
    "搜索模式": "1",
    "筛选": "1",
    "类型": "动作片$dongzuopian#剧情片$juqingpian#冒险片$maoxianpian#惊悚片$jingsongpian#喜剧片$xijupian#爱情片$aiqingpian#科幻片$kehuanpian#战争片$zhanzhengpian#警匪片$jingfeipian#犯罪片$fanzuipian#恐怖片$kongbupian#悬疑片$xuanyipian#灾难片$zainanpian#奇幻片$qihuanpian#动画片$donghuapian#其他片$qitapian||国产剧$guochanju#港台剧$gangtaiju#日韩剧$rihanju#欧美剧$oumeiju#泰国剧$taiguoju#其他剧$qitaju||日韩动漫$rihandongman#国产动漫$guochandongman#欧美动漫$oumeidongman#港台动漫$gangtaidongman#其他动漫$qitadongman",
    "剧情": "喜剧&爱情&恐怖&动作&科幻&剧情&战争&警匪&犯罪&动画&奇幻&武侠&冒险&枪战&恐怖&悬疑&惊悚&经典&青春&文艺&微电影&古装&历史&运动&农村&儿童&网络电影||古装&战争&青春偶像&喜剧&家庭&犯罪&动作&奇幻&剧情&历史&经典&乡村&情景&商战&网剧&其他||情感&科幻&热血&推理&搞笑&冒险&萝莉&校园&动作&机战&运动&战争&少年&少女&社会&原创&亲子&益智&励志&其他",
    "剧情值": "*",
    "地区": "大陆&香港&台湾&美国&法国&英国&日本&韩国&德国&泰国&印度&意大利&西班牙&加拿大&其他||内地&韩国&香港&台湾&日本&美国&泰国&英国&新加坡&其他||国产&日本&欧美&其他",
    "地区值": "*",
    "语言": "国语&英语&粤语&闽南语&韩语&日语&法语&德语&其它||国语&英语&粤语&闽南语&韩语&日语&其他||国语&英语&粤语&闽南语&韩语&日语&其他",
    "语言值": "*"
}