{
    "作者": "",
    "站名": "",
    "请求头": "User-Agent$MOBILE_UA",
    "编码": "UTF-8",
    "图片代理": "0",
    "主页url": "https://eelrivergc.com",
    "首页": "120",
    "起始页": "1",
    "分类url": "https://www.eelrivergc.com/search.php?page={catePg}&searchtype=5&order={by}&tid={cateId}&area={area}&year={year}&letter=&yuyan={lang}&state=&money=&ver=&jq=;;mrcd0",
    "分类": "电影&剧集&综艺&动漫",
    "分类值": "1&2&3&4",
    "二次截取": "",
    "数组": "fed-lazy&&</li>",
    "标题": "title=\"&&\"",
    "图片": "data-original=\"&&\"",
    "副标题": "text-center\">&&<",
    "链接": "href=\"&&\"",
    "影片年代": "年份：&&</li>",
    "影片地区": "地区：&&</li>",
    "影片类型": "类型：&&</li>",
    "状态": "更新：&&</li>",
    "导演": "导演：&&</li>",
    "主演": "主演：&&</li>",
    "简介": "👶+fed-matp-v\">&&</div>",
    "线路二次截取": "",
    "线路数组": "\\#playlist&&</li>",
    "线路标题": "👶+>&&</a>",
    "播放二次截取": "",
    "播放数组": "<ul class=\"myui-content__list&&</ul>",
    "播放列表": "<a&&/a>",
    "播放标题": ">&&<",
    "播放链接": "href=\"&&\"",
    "解析": "",
    "直接播放": "0",
    "播放请求头": "",
    "嗅探词": ".mp4#.m3u8",
    "过滤词": "",
    "跳转播放链接": "var now=\"&&\"",
    "跳转解析": "",
    "搜索请求头": "User-Agent$MOBILE_UA",
    "搜索url": "https://www.eelrivergc.com/search.php?page={pg}&searchword={wd}&searchtype=",
    "搜索模式": "1",
    "搜索后缀": "",
    "搜索二次截取": "",
    "搜索数组": "fed-list-item&&</li>",
    "搜索标题": "title=\"&&\"",
    "搜索图片": "data-original=\"&&\"",
    "搜索副标题": "text-center\">&&<",
    "搜索链接": "href=\"&&\"",
    "筛选": "1",
    "类型": "动作片$5#喜剧片$6#爱情片$7#科幻片$8#恐怖片$9#剧情片$10#战争片$11#纪录片$12||国产剧$13#香港剧$14#台湾剧$15#欧美剧$16#韩国剧$25#日本剧$26#泰国剧$27#海外剧$28#短剧$29||大陆综艺$30#港台综艺$31#日韩综艺$32#欧美综艺$33||大陆动漫$34#日本动漫$35#欧美动漫$36#海外动漫$37#动画片$38",
    "剧情": "",
    "剧情值": "*",
    "地区": "",
    "地区值": "*",
    "年份": "",
    "年份值": "*",
    "语言": "",
    "语言值": "*",
    "字母": "A&B&C&D&E&F&G&H&I&J&K&L&M&N&O&P&Q&R&S&T&U&V&W&X&Y&Z&0-9",
    "字母值": "*",
    "排序": "时间&人气&评分",
    "排序值": "time&hits&score"
}