{
    "作者": "乐哥251018",
    "站名": "光棍影院",
    "请求头": "User-Agent$MOBILE_UA",
    "编码": "UTF-8",
    "图片代理": "0",
    "主页url": "http://88119979.com",
    "首页": "120",
    "起始页": "1",
    "分类url": "/index.php/ajax/data?mid=1&tid={cateId}&page={catePg}&limit=30",
    "分类": "电影$1#剧集$2#综艺$3#动漫$4",
    "二次截取": "list\":\\[&&\\][替换:\"vod_id>>电线杆子\"vod_id#\"vod_year>>鸡毛掸子\"vod_year]",
    "数组": "默认--电线杆子&&鸡毛掸子||首页--lazyload&&</a",
    "图片": "默认--vod_pic\":\"&&\"||首页--data-original=\"&&\"",
    "标题": "默认--vod_name\":\"&&\"||首页--title=\"&&\"",
    "副标题": "默认--vod_remarks\":\"&&\"||首页--text-center\">&&<",
    "链接": "默认--/dream/+vod_id\":&&,+.html||首页--href=\"&&\"",
    "影片年代": "年代：&&</p>",
    "影片地区": "地区：&&</p>",
    "影片类型": "---*--------.html\">&&</ul>",
    "状态": "状态：&&</p>",
    "导演": "导演：&&</p>",
    "主演": "主演：&&</p>",
    "简介": "【友情提醒：请不要相信视频中的广告，以免上当受骗！】✨乐哥为您介绍剧情👉+影视简介：&&</p>",
    "线路二次截取": "",
    "线路数组": "#tab_playlist&&</li>",
    "线路标题": "✨乐哥推荐✨+title=\"&&\"",
    "播放二次截取": "",
    "播放数组": "id=\"con_playlist&&</ul>",
    "播放列表": "<a&&/a>",
    "播放标题": ">&&<",
    "播放链接": "href=\"&&\"",
    "解析": "",
    "直接播放": "0",
    "播放请求头": "",
    "嗅探词": ".mp4#.m3u8",
    "过滤词": "",
    "跳转播放链接": "var player_*url\":\"&&\"",
    "跳转解析": "",
    "搜索请求头": "User-Agent@Mozilla/5.0 (Linux；； Android 14；； V2136A Build/UP1A.231005.007；； wv) AppleWebKit/537.36 (KHTML, like Gecko) Version/4.0 Chrome/116.0.0.0 Mobile Safari/537.36",
    "搜索url": "/index.php/ajax/suggest?mid=1&wd={wd}&page={pg}&limit=30",
    "搜索模式": "1",
    "搜索数组": "list",
    "搜索标题": "name",
    "搜索图片": "pic",
    "搜索副标题": "en",
    "搜索链接": "'/dream/'+id+'.html'",
    "筛选": "1",
    "类型": "",
    "剧情": "",
    "剧情值": "*",
    "地区": "",
    "地区值": "*",
    "年份": "",
    "年份值": "*",
    "语言": "",
    "语言值": "*",
    "字母": "A&B&C&D&E&F&G&H&I&J&K&L&M&N&O&P&Q&R&S&T&U&V&W&X&Y&Z&0-9",
    "字母值": "*",
    "排序": "时间&人气&评分",
    "排序值": "time&hits&score"
}