{
    "作者": "",
    "站名": "",
    "请求头": "User-Agent$MOBILE_UA",
    "编码": "UTF-8",
    "图片代理": "0",
    "主页url": "https://idsp.cc",
    "首页": "120",
    "起始页": "1",
    "分类url": "https://www.idsp.cc/search.php?page={catePg}&searchtype=5&order={by}&tid=&area=&year=&letter=&yuyan=&state=&money=&ver=&jq={cateId};;mrcd0",
    "分类": "都市&逆袭&亲情&女频&甜宠&闪婚&现代言情&悬疑&复仇&情感&强者回归&奇幻脑洞&豪门恩怨&男频&短剧&战神&战神归来&赘婿逆袭&热血&虐恋&宫斗宅斗&年代&民国&霸总&未知&豪门&家庭&萌宝&寻亲&古装&玄幻&重生&穿越&超能&高手下山&兵王&现言&神医&现实&欢喜冤家&历史&小人物&神豪&马甲&奇幻&时空之旅&喜剧&致富&甜寵&家国情仇&传承觉醒&古代言情&无敌&推理&现代&权谋&职场商战&励志&脑洞&天师&古言&萌宝霸总&轻喜&破镜重圆&反诈&替嫁&言情&觉醒&現實&霸占爽剧&下山&长生&伦理&女频都市&鉴宝&下沉&衣锦还乡&搞笑&异能&女频言情&职场&科幻&总裁&千金&审判&团宠&真假千金&母爱&苦情&乡村&宫斗&战尊&末世&娱乐圈&末日&生活&战争&爱情&婚姻&灵异&校园&灵魂互换&农村&恋爱&古风&虐渣&直播&宫廷&青春校园&成长.友情&高考&修仙&出轨&偶像&剧情&青春&电影&残疾&先婚后爱&日久生情&霸道",
    "分类值": "*",
    "二次截取": "",
    "数组": "fed-lazy&&</li>",
    "标题": "title=\"&&\"",
    "图片": "data-original=\"&&\"",
    "副标题": "text-center\">&&<",
    "链接": "href=\"&&\"",
    "影片年代": "年份：&&</li>",
    "影片地区": "地区：&&</li>",
    "影片类型": "分类：&&</li>",
    "状态": "更新：&&</li>",
    "导演": "导演：&&</li>",
    "主演": "主演：&&</li>",
    "简介": "👶+简介：&&</li>",
    "线路二次截取": "",
    "线路数组": "#playlist&&</li>",
    "线路标题": "👶+>&&</a>",
    "播放二次截取": "",
    "播放数组": "<ul class=\"myui-content__list&&</ul>",
    "播放列表": "<a&&/a>",
    "播放标题": ">&&<",
    "播放链接": "href=\"&&\"",
    "解析": "",
    "直接播放": "0",
    "播放请求头": "",
    "嗅探词": ".mp4#.m3u8",
    "过滤词": "",
    "跳转播放链接": "var now=\"&&\"",
    "跳转解析": "",
    "搜索请求头": "User-Agent$MOBILE_UA",
    "搜索url": "https://www.idsp.cc/search.php?page={pg}&searchword={wd}&searchtype=",
    "搜索模式": "1",
    "搜索后缀": "",
    "搜索二次截取": "",
    "搜索数组": "fed-lazy&&</li>",
    "搜索标题": "title=\"&&\"",
    "搜索图片": "data-original=\"&&\"",
    "搜索副标题": "text-center\">&&<",
    "搜索链接": "href=\"&&\"",
    "筛选": "1",
    "类型": "",
    "剧情": "",
    "剧情值": "*",
    "地区": "",
    "地区值": "*",
    "年份": "",
    "年份值": "*",
    "语言": "",
    "语言值": "*",
    "字母": "A&B&C&D&E&F&G&H&I&J&K&L&M&N&O&P&Q&R&S&T&U&V&W&X&Y&Z&0-9",
    "字母值": "*",
    "排序": "时间&人气&评分",
    "排序值": "time&hits&score"
}