{
    "作者": "年少轻狂",
    "站名": "",
    "请求头": "User-Agent$MOBILE_UA",
    "编码": "UTF-8",
    "图片代理": "0",
    "主页url": "http://www.longgangwf.com",
    "首页": "120",
    "起始页": "1",
    "分类url": "http://www.longgangwf.com/s/{cateId}/area/{area}/class/{class}/page/{catePg}/year/{year}.html;;mrcd0",
    "分类": "电影&剧集&综艺&动漫",
    "分类值": "dianying&lianxuju&zongyi&dongman",
    "二次截取": "",
    "数组": "video-item\">&&</a>",
    "标题": "title=\"&&\"",
    "图片": "data-original=\"&&\"",
    "副标题": "notes\">&&</div",
    "链接": "href=\"&&\"",
    "影片年代": "年份：&&</div>",
    "影片地区": "地区：&&</div>",
    "影片类型": "类型：&&</div>",
    "状态": "更新：&&</div>",
    "导演": "导演：&&</div>",
    "主演": "主演：&&</div>",
    "简介": "👶+简介：&&</div>",
    "线路二次截取": "",
    "线路数组": "#lines&&</li>",
    "线路标题": "👶+true\">&&<",
    "播放二次截取": "",
    "播放数组": "playlist column\">&&</ul>",
    "播放列表": "<a&&/a>",
    "播放标题": ">&&<",
    "播放链接": "href=\"&&\"",
    "解析": "",
    "直接播放": "0",
    "播放请求头": "",
    "嗅探词": ".mp4#.m3u8",
    "过滤词": "",
    "跳转播放链接": "var player_*url\":\"&&\"",
    "跳转解析": "",
    "搜索请求头": "User-Agent$MOBILE_UA",
    "搜索url": "/rss/index.xml?wd={wd}&cyvodpage={pg}",
    "搜索模式": "1",
    "搜索数组": "<item>&&</item>",
    "搜索标题": "<title>&&</title>[替换: *>>空]",
    "搜索图片": "<link>&&</link>",
    "搜索副标题": "<title>&&</title>[替换:* >>空]",
    "搜索链接": "<link>&&</link>",
    "跳转搜索图片": "thumb\">*data-original=\"&&\"",
    "筛选": "1",
    "类型": "",
    "剧情": "",
    "剧情值": "*",
    "地区": "",
    "地区值": "*",
    "年份": "",
    "年份值": "*",
    "语言": ""
    
}