{
    "作者": "",
    "站名": "",
    "请求头": "User-Agent$MOBILE_UA",
    "编码": "UTF-8",
    "图片代理": "0",
    "主页url": "https://www.24788.net",
    "首页": "120",
    "起始页": "1",
    "分类url": "https://www.24788.net/topic/detail-{cateId}-{catePg}.html;;mrcd0",
    "分类": "重磅推荐!! 100部必看的经典爱情电影大全&高分纪录片大全&中文电影250强总榜&高分长篇动画电影&好看的复仇类主题影片&盘点近年投资过亿的大片&爆火剧集推荐，评分人数10万+&强烈推荐！历年最经典的电视剧TOP100&100部最好的韩国电影&美剧必看篇&经典好看的现代军事战争题材片推荐&推荐最经典的科幻电影大全&再见青春！美好时光里的电影推荐&奥斯卡最佳视觉效果影片大全&扣人心弦，故事性强的好片子&爽片大全，很爽很过瘾 其余不重要&五星高分电视剧&近期热门高分英美剧推荐&好看的血腥、暴力美学片&[黄][血][暴]经典R级片大全&好电影口碑榜&独立电影大全&值得一看的恐怖片合集&关于中国功夫的好电影&豆瓣电影TOP250",
    "分类值": "2&8&12&21&15&19&13&24&10&7&22&25&23&5&18&3&14&17&4&16&9&20&11&6&1",
    "二次截取": "<ul class=\"hl-vod-list&&</ul",
    "数组": "hl-list-item&&</li>",
    "标题": "alt=\"&&\"",
    "图片": "data-src=\"&&\"",
    "副标题": "remarks\">&&<",
    "链接": "href=\"&&\"",
    "影片年代": "首映：&&</li>",
    "影片地区": "地域：&&</li>",
    "影片类型": "类别：&&</li>",
    "状态": "状况：&&</li>",
    "导演": "导演：&&</li>",
    "主演": "领衔：&&</li>",
    "简介": "👶+简述：&&</li>",
    "线路二次截取": "",
    "线路数组": "<a class=\"hl-tabs-btn&&/a>",
    "线路标题": "👶+</i>&&<",
    "播放二次截取": "",
    "播放数组": "id=\"hl-plays-list&&</ul>",
    "播放列表": "<a&&/a>",
    "播放标题": ">&&<",
    "播放链接": "href=\"&&\"",
    "解析": "",
    "直接播放": "0",
    "播放请求头": "",
    "嗅探词": ".mp4#.m3u8",
    "过滤词": "",
    "跳转播放链接": "Base64(<iframe*src=\"&&\")",
    "跳转解析": "https://v4.158868.com/laocz/dp/url?url=",
    "搜索请求头": "User-Agent$MOBILE_UA",
    "搜索url": "https://www.24788.net/list/{wd}----------{pg}---.html",
    "搜索模式": "1",
    "搜索后缀": "",
    "搜索二次截取": "",
    "搜索数组": "item-thumb\"&&</a>",
    "搜索标题": "alt=\"&&\"",
    "搜索图片": "data-src=\"&&\"",
    "搜索副标题": "remarks\">&&<",
    "搜索链接": "href=\"&&\"",
    "筛选": "1"
}