{
    "作者": "",
    "站名": "",
    "请求头": "User-Agent$MOBILE_UA",
    "编码": "UTF-8",
    "图片代理": "0",
    "主页url": "https://www.24788.net",
    "首页": "120",
    "起始页": "1",
    "分类url": "https://www.24788.net/vodshow/{cateId}--{by}-{class}-----{catePg}--{lang}-.html;;mrcd0",
    "分类": "电影&剧集&综艺",
    "分类值": "1&2&20",
    "二次截取": "",
    "数组": "hl-list-item&&</li>",
    "标题": "alt=\"&&\"",
    "图片": "data-src=\"&&\"",
    "副标题": "remarks\">&&<",
    "链接": "href=\"&&\"",
    "影片年代": "首映：&&</li>",
    "影片地区": "地域：&&</li>",
    "影片类型": "类别：&&</li>",
    "状态": "状况：&&</li>",
    "导演": "导演：&&</li>",
    "主演": "领衔：&&</li>",
    "简介": "👶+简述：&&</li>",
    "线路二次截取": "",
    "线路数组": "<a class=\"hl-tabs-btn&&/a>",
    "线路标题": "👶+</i>&&<",
    "播放二次截取": "",
    "播放数组": "id=\"hl-plays-list&&</ul>",
    "播放列表": "<a&&/a>",
    "播放标题": ">&&<",
    "播放链接": "href=\"&&\"",
    "解析": "",
    "直接播放": "0",
    "播放请求头": "",
    "嗅探词": ".mp4#.m3u8",
    "过滤词": "",
    "跳转播放链接": "<iframe*src=\"&&\"",
    "跳转解析": "https://v4.158868.com/laocz/dp/url?url=",
    "搜索请求头": "User-Agent$MOBILE_UA",
    "搜索url": "https://www.24788.net/list/{wd}----------{pg}---.html",
    "搜索模式": "1",
    "搜索后缀": "",
    "搜索二次截取": "",
    "搜索数组": "item-thumb\"&&</a>",
    "搜索标题": "alt=\"&&\"",
    "搜索图片": "data-src=\"&&\"",
    "搜索副标题": "remarks\">&&<",
    "搜索链接": "href=\"&&\"",
    "筛选": "1",
    "类型": "空||美英剧$14#大陆剧$13#日韩剧$15#海外剧$16#番剧$3#伦理$36||空",
    "剧情": "情色&冒险&同性&灾难&科幻&惊悚&恐怖&悬疑&喜剧&战争&动画&青春&传记&犯罪&西部&奇幻&歌舞&历史&剧情&文艺&武侠&动作&纪录片&音乐&经典&爱情||情色&冒险&同性&灾难&科幻&惊悚&恐怖&悬疑&喜剧&战争&动画&青春&传记&犯罪&西部&奇幻&歌舞&历史&剧情&文艺&武侠&动作&纪录片&音乐&经典&爱情||户外&职场&综艺&婚烟&真人秀&脱口秀&音乐",
    "剧情值": "*",
    "地区": "",
    "地区值": "*",
    "年份": "",
    "年份值": "*",
    "语言": "口碑榜&经典爱情&功夫片&暴力&经典纪录&TOP250&爽片&华语佳片||高分英美剧&爆火剧&必看美剧&五星剧集||空",
    "语言值": "*",
    "字母": "A&B&C&D&E&F&G&H&I&J&K&L&M&N&O&P&Q&R&S&T&U&V&W&X&Y&Z&0-9",
    "字母值": "*",
    "排序": "时间&人气&评分",
    "排序值": "time&hits&score"
}