{
    "作者": "",
    "站名": "",
    "请求头": "User-Agent$MOBILE_UA",
    "编码": "UTF-8",
    "图片代理": "0",
    "主页url": "https://hfxtqc.com",
    "首页": "120",
    "起始页": "1",
    "分类url": "https://hfxtqc.com/vod/{cateId}-{catePg}/;;mrcd0",
    "分类": "电影&剧集&综艺&动漫&短剧",
    "分类值": "qxdyp&qxlxj&qxzyp&qxdmp&qxdj",
    "二次截取": "",
    "数组": "vod-item-default&&</li>",
    "标题": "title=\"&&\"",
    "图片": "data-original=\"&&\"",
    "副标题": "class=\"pic-label*>&&</div",
    "链接": "href=\"&&\"",
    "影片年代": "年份：&&</a>",
    "影片地区": "地区：&&</li>",
    "影片类型": "类型：&&</li>",
    "状态": "状态：&&</li>",
    "导演": "导演：&&</li>",
    "主演": "主演：&&</li>",
    "简介": "👶+display:none;\">&&</span>",
    "线路二次截取": "",
    "线路数组": "justify-content-start&&/h2>",
    "线路标题": "👶+title*>&&<[不包含:备用线路]",
    "播放二次截取": "",
    "播放数组": "section-content-hswkep&&</div>",
    "播放列表": "<a&&/a>",
    "播放标题": ">&&<",
    "播放链接": "href=\"&&\"",
    "解析": "",
    "直接播放": "0",
    "播放请求头": "",
    "嗅探词": ".mp4#.m3u8",
    "过滤词": "",
    "跳转播放链接": "var player_*url\":\"&&\"",
    "跳转解析": "",
    "搜索请求头": "User-Agent$MOBILE_UA",
    "搜索url": "https://hfxtqc.com/vod/search/?wd={wd}&page={pg}",
    "搜索模式": "1",
    "搜索后缀": "",
    "搜索二次截取": "",
    "筛选": "1",
    "类型": "喜剧片$qxxjp#科幻片$qxkhp#古装片$qxgzp#邵氏电影$qxssdy#网络电影$qxwldy#奇幻片$qxqhp#同性片$qxtxp#其他片$qxqtp#经典片$qxjdp#犯罪片$qxfzp#灾难片$qxznp#惊悚片$qxjsp#动作片$qxdzp#爱情片$qxaqp#剧情片$qxjqp#战争片$qxzzp#恐怖片$qxkbp#动画片$qxdhp#歌舞片$qxgwp#悬疑片$qxxyp#冒险片$qxmxp#纪录片$qxjlp||大陆剧$qxdlj#其他剧$qxqtj#泰国剧$qxtgj#海外剧$qxhwj#日本剧$qxrbj#香港剧$qxxgj#台湾剧$qxtwj#韩国剧$qxhgj#欧美剧$qxomj||大陆综艺$qxdlzy#其他综艺$qxqtzy#欧美综艺$qxomzy#韩国综艺$qxhgzy#港台综艺$qxgtzy#日韩综艺$qxrhzy#日本综艺$qxrbzy||国产动漫$qxgcdm#日韩动漫$qxrhdm#日本动漫$qxrbdm#韩国动漫$qxhgdm#港台动漫$qxgtdm#欧美动漫$qxomdm#海外动漫$qxhwdm#其他动漫$qxqtdm||网络短剧$qxwldj#影视解说$qxysjs"
}