{
    "作者": "",
    "站名": "",
    "请求头": "User-Agent$MOBILE_UA",
    "编码": "UTF-8",
    "图片代理": "0",
    "主页url": "http://www.hbtuosheng.com",
    "首页": "120",
    "起始页": "1",
    "分类url": "http://www.hbtuosheng.com/{cateId}/index_{catePg}.html[http://www.hbtuosheng.com/{cateId}/];;mrcd0",
    "分类": "电影&剧集&综艺&动漫",
    "分类值": "haokandianying&hkdianshiju&hkzyi&hkdonman&duanjuqing",
    "二次截取": "",
    "数组": "link\"&&</a>",
    "标题": "title=\"&&\"",
    "图片": "data-src=\"&&\"",
    "副标题": "tag1\">&&<",
    "链接": "href=\"&&\"",
    "影片年代": "年份：&&</div>",
    "影片地区": "地区：&&</div>",
    "影片类型": "类型：&&</div>",
    "状态": "状态：&&</div>",
    "导演": "导演：&&</div>",
    "主演": "演员：&&</div>",
    "简介": "👶+<p>&&</p>",
    "线路二次截取": "",
    "线路数组": "id=\"dom-source&&</div>",
    "线路标题": "👶+>&&</span>",
    "播放二次截取": "<!--kandian-->&&</h4",
    "播放数组": "class=\"list&&</div",
    "播放列表": "<a&&/a>",
    "播放标题": ">&&<",
    "播放链接": "href='&&'",
    "解析": "",
    "直接播放": "0",
    "播放请求头": "",
    "嗅探词": ".mp4#.m3u8",
    "过滤词": "",
    "跳转播放链接": "url: '&&'",
    "跳转解析": "",
    "搜索请求头": "User-Agent$MOBILE_UA",
    "筛选": "1",
    "类型": "动作片$/haokandianying/haokandonzuopian/#喜剧片$/haokandianying/haokanxijupian/#爱情片$/haokandianying/qqww/#科幻片$/haokandianying/kehuanju/#恐怖片$/haokandianying/xiasini/#剧情片$/haokandianying/juqingbiaoyamn/#战争片$/haokandianying/hkzhanzhengpian/||国产剧$/hkdianshiju/hkguocanju/#港台剧$/hkdianshiju/hkgangtaiju/#日韩剧$/hkdianshiju/hkrhanju/#欧美剧$/hkdianshiju/hkoumeiju/#泰国剧$/hkdianshiju/hktaiju/||大陆综艺$/hkzyi/hkdaluzy/#港台综艺$/hkzyi/hkgangtaizy/#海外综艺$/hkzyi/hkhaiwaizy/||国产动漫$/hkdonman/hkguoman/#日本动漫$/hkdonman/hkrman/#海外动漫$/hkdonman/hkhaiwaidonman||空",
    "剧情": "",
    "剧情值": "*",
    "地区": "",
    "地区值": "*",
    "年份": "",
    "年份值": "*",
    "语言": "",
    "语言值": "*",
    "字母": "A&B&C&D&E&F&G&H&I&J&K&L&M&N&O&P&Q&R&S&T&U&V&W&X&Y&Z&0-9",
    "字母值": "*",
    "排序": "时间&人气&评分",
    "排序值": "time&hits&score"
}