{
    "作者": "",
    "站名": "",
    "请求头": "User-Agent$MOBILE_UA",
    "编码": "UTF-8",
    "图片代理": "0",
    "主页url": "https://a.kpj8.com",
    "首页": "120",
    "起始页": "1",
    "分类url": "https://a.kpj8.com/vod/show/area/{area}/by/{by}/class/{class}/id/{cateId}/lang/{lang}/page/{catePg}/year/{year}/;;mrcd0",
    "分类": "电影&剧集&综艺&动漫",
    "分类值": "19&20&21&22",
    "二次截取": "",
    "数组": "vodbox-content\">&&</a>",
    "标题": "alt=\"&&\"",
    "图片": "src=\"&&\"",
    "副标题": "text-overflow\">&&<",
    "链接": "href=\"&&\"",
    "影片年代": "年份：&&</a>",
    "影片地区": "地区：&&</li>",
    "影片类型": "class/*>&&</div>",
    "状态": "状态：&&</li>",
    "导演": "导演:&&</div></div",
    "主演": "主演:&&</div></div",
    "简介": "👶+more_text\">*>&&</div>",
    "线路二次截取": "",
    "线路数组": "#playlist&&</li>",
    "线路标题": "👶+>&&</a>",
    "播放二次截取": "",
    "播放数组": "id=\"playlist&&</div></div>",
    "播放列表": "<a&&/a>",
    "播放标题": ">&&<",
    "播放链接": "href=\"&&\"",
    "解析": "",
    "直接播放": "0",
    "播放请求头": "",
    "嗅探词": ".mp4#.m3u8",
    "过滤词": "",
    "跳转播放链接": "Base64(var player_*url\":\"&&\")",
    "跳转解析": "",
    "搜索请求头": "User-Agent$MOBILE_UA",
    "搜索url": "https://a.kpj8.com/vod/search/page/{pg}/wd/{wd}/",
    "搜索模式": "1",
    "搜索后缀": "",
    "搜索二次截取": "",
    "搜索数组": "/detail/id&&</a>",
    "搜索标题": "alt=\"&&\"",
    "搜索图片": "src=\"&&\"",
    "搜索副标题": "text-overflow\">&&<",
    "搜索链接": "/vod/detail/id/+/&&\"",
    "筛选": "1",
    "类型": "",
    "剧情": "",
    "剧情值": "*",
    "地区": "",
    "地区值": "*",
    "年份": "",
    "年份值": "*",
    "语言": "",
    "语言值": "*",
    "字母": "A&B&C&D&E&F&G&H&I&J&K&L&M&N&O&P&Q&R&S&T&U&V&W&X&Y&Z&0-9",
    "字母值": "*",
    "排序": "时间&人气&评分",
    "排序值": "time&hits&score"
}