{
    "作者": "年少轻狂",
    "站名": "",
    "请求头": "User-Agent$MOBILE_UA",
    "编码": "UTF-8",
    "图片代理": "0",
    "主页url": "https://www.jkys.app",
    "首页": "120",
    "起始页": "1",
    "分类url": "https://www.jkys.app/show/{cateId}-{area}-{by}-{class}-{lang}-{letter}---{catePg}---{year}.html;;mrcd0",
    "分类": "电影&剧集&综艺&动漫&短剧",
    "分类值": "1&2&3&4&53",
    "二次截取": "",
    "数组": "lazyload\"&&</a>",
    "标题": "title=\"&&\"",
    "图片": "data-background-image=\"&&\"",
    "副标题": "xszxj text_right\">&&<",
    "链接": "href=\"&&\"",
    "影片年代": "上映时间：&&</li>",
    "影片地区": "地区：&&</li>",
    "影片类型": "----*---------.html\" target=\"_blank\">&&</li>",
    "状态": "",
    "导演": "导演：&&</li>",
    "主演": "主演：&&</li>",
    "简介": "👶+desc context clearfix\">&&</span>",
    "线路二次截取": "id=\"NumTab&&</div",
    "线路数组": "<a&&/a>",
    "线路标题": "👶+</i>&&<",
    "播放二次截取": "",
    "播放数组": "content_playlist list&&</ul>",
    "播放列表": "<a&&/a>",
    "播放标题": ">&&<",
    "播放链接": "href=\"&&\"",
    "解析": "",
    "直接播放": "0",
    "播放请求头": "",
    "嗅探词": "",
    "过滤词": "",
    "跳转播放链接": "urlDecode(Base64(var player_*url\":\"&&\"))",
    "跳转解析": "",
    "搜索请求头": "User-Agent$MOBILE_UA",
    "搜索url": "https://www.jktv.app/search/{wd}----------{pg}---.html",
    "搜索模式": "1",
    "搜索后缀": "",
    "搜索二次截取": "",
    "搜索数组": "lazyload\"&&</a>",
    "搜索标题": "title=\"&&\"",
    "搜索图片": "data-background-image=\"&&\"",
    "搜索副标题": "text-right\">&&<",
    "搜索链接": "href=\"&&\"",
    "筛选": "1",
    "类型": "动作$6#灾难$32#惊悚$31#悬疑$30#剧情$11#奇幻$28#喜剧$7#犯罪$29#战争$12#恐怖$10#爱情$8#枪战$36#冒险$38#科幻$9#同性$59#魔幻$37#古装$49#武侠$35#西部$41#历史$33#青春$40#家庭$39#动画$43#音乐$46#纪录片$34#爱欲$60#儿童$42#传记$47#歌舞$54||国产剧$13#欧美剧$16#港台剧$14#日韩剧$15#泰国剧$44#海外剧$45||空||番剧(b站)$50#国创(b站)$51||空",
    "剧情": "喜剧&爱情&同性&恐怖&冒险&枪战&惊悚&悬疑&动作&科幻&剧情&谍战&战争&警匪&犯罪&动画&搞笑&记录&奇幻&武侠&经典&伦理&情色&青春&文艺&古装&历史&运动&农村&儿童&网络电影||悬疑&抗战&惊悚&剧情&偶像&喜剧&短剧&爱情&搞笑&同性&家庭&古风&校园&犯罪&复仇&动作&奇幻&历史&谍战&短剧&古装&仙侠&穿越&战争&青春&霸总&玄幻&爽文&异能&热血&神豪&重生&灵异&虐恋&甜宠&豪门&逆袭&战神&经典&乡村&情景&商战&网剧||真人秀&选秀&搞笑&情亲&情感&访谈&播报&旅游&音乐&美食&纪实&曲艺&生活&游戏互动&财经&求职||科幻&热血&推理&搞笑&冒险&剧情&动作&动画&悬疑&奇幻&萝莉&校园&机战&运动&战争&少年&少女&社会&原创&亲子&益智&励志&情感&其他||都市&赘婿&战神&古代言情&现代言情&历史&脑洞&玄幻&搞笑&网剧&喜剧&萌宝&神豪&致富&奇幻脑洞&超能&强者回归&甜宠&励志&豪门恩怨&复仇&长生&神医&马甲&亲情&小人物&奇幻&无敌&现实&重生&闪婚&职场商战&穿越&年代&权谋&高手下山&悬疑&家国情仇&虐恋&古装&时空之旅&玄幻仙侠&欢喜冤家&传承觉醒&情感&逆袭&家庭",
    "剧情值": "*",
    "地区": "",
    "地区值": "*",
    "年份": "",
    "年份值": "*",
    "语言": "",
    "语言值": "*",
    "字母": "A&B&C&D&E&F&G&H&I&J&K&L&M&N&O&P&Q&R&S&T&U&V&W&X&Y&Z&0-9",
    "字母值": "*",
    "排序": "时间&人气&评分",
    "排序值": "time&hits&score"
}