{
    "作者": "🐉龍哥🐉",
    "站名": "可乐影院",
    "编码": "UTF-8",
    "请求头": "User-Agent@Mozilla/5.0 (Linux；； Android 12；； RMX3370 Build/RKQ1.211103.002；； wv) AppleWebKit/537.36 (KHTML, like Gecko) Version/4.0 Chrome/136.0.7103.60 Mobile Safari/537.36&&Cookie@HWTOKEN=5c514c3e69f1186e9a9ece3ac3cc148a469be3b4faffaf62f92b119f5c3b3efe；； _pk_id.16.4ded=c7eb7605a672cd88.1762835374.；； _pk_ses.16.4ded=1；； HWIDHASH=1c8f6c591143ed3de43e67024609a350；； HWPID=gVSpz1FQX2KzO6RP89LBAsQtZ__Ifp3rixWT5GJtFlY&&Accept@text/html,application/xhtml+xml,application/xml；；q=0.9,image/avif,image/webp,image/apng,*/*；；q=0.8,application/signed-exchange；；v=b3；；q=0.7&&Accept-Language@zh-CN,zh；；q=0.9",
    "主页url": "https://ddd8r.keleyy.cc/public/",
    "首页": "200",
    "数组": "lazyload\"&&</li>",
    "简介": "cur_intr_box\">&&</span> ",
    "副标题": "text-right\">&&</span>",
    "标题": "title=\"&&\"",
    "图片": "data-original=\"&&\"",
    "搜索模式": "1",
    "线路数组": "active bottom-line&&</div>",
    "线路标题": "> 播放&&</h3>",
    "播放数组": "ewave-content__playlist&&</ul>",
    "搜索url": "https://ddd8r.keleyy.cc/search/index.html?keyword={wd}&page={pg}",
    "起始页": "1",
    "分类url": "https://ddd8r.keleyy.cc/vod/list.html?area_id={area}&cate_id={class}&page={catePg}&type_id={cateId}&year_id={year};;mrcd0",
    "链接": "href=\"&&\"",
    "跳转播放链接": "var player_*\"url\":\"&&\"",
    "分类": "电影$115#电视剧$116#综艺$117#动漫$118#传媒$456",
    "筛选": "1",
    "类型": "",
    "剧情": "动作片$123#喜剧片$124#爱情片$125#恐怖片$126#剧情片$127#科幻片$128#惊悚片$129#奇幻片$130#动画片$131#悬疑片$132#冒险片$133#纪录片$134#战争片$135||国产剧$136#香港剧$137#台湾剧$138#欧美剧$139#日本剧$140#韩国剧$141#泰国剧$142#海外剧$143||大陆综艺$144#港台综艺$145#日韩综艺$146#欧美综艺$147#海外综艺$148||国产动漫$149#日韩动漫$150#欧美动漫$151#海外动漫$152||蜜桃传媒$457#大象传媒$458#香蕉视频$459",
    "地区": "内地$66#香港$67#台湾$68#日韩$69#印度$70#美国$71#俄罗斯$72#欧洲$73||内地$66#香港$67#台湾$68#日韩$69#印度$70#美国$71#俄罗斯$72#欧洲$73||内地$66#香港$67#台湾$68#日韩$69#印度$70#美国$71#俄罗斯$72#欧洲$73||内地$66#香港$67#台湾$68#日韩$69#印度$70#美国$71#俄罗斯$72#欧洲$73||空",
    "年份": "2024$57#2023$58#2022$59#2021$60#2020$61#2010-2019$62#2000-2009$63#1990-1999$64||2024$57#2023$58#2022$59#2021$60#2020$61#2010-2019$62#2000-2009$63#1990-1999$64||2024$57#2023$58#2022$59#2021$60#2020$61#2010-2019$62#2000-2009$63#1990-1999$64||2024$57#2023$58#2022$59#2021$60#2020$61#2010-2019$62#2000-2009$63#1990-1999$64||空",
    "语言": "",
    "语言值": "*"
}