{
    "作者": "",
    "站名": "",
    "请求头": "User-Agent$MOBILE_UA",
    "编码": "UTF-8",
    "图片代理": "0",
    "主页url": "https://www.downcun.com/",
    "首页": "120",
    "起始页": "1",
    "分类url": "https://www.downcun.com/downcusw/{cateId}-{area}-{by}-{class}-{lang}-{letter}---{catePg}---{year}.html;;mrcd0",
    "分类": "电影&剧集&综艺&动漫&短剧",
    "分类值": "1&2&3&4&5",
    "二次截取": "",
    "数组": "Movie-item\"&&</h4>",
    "标题": "title=\"&&\"",
    "图片": "data-original=\"&&\"",
    "副标题": "dbadges\">&&<",
    "链接": "href=\"&&\"",
    "影片年代": "-----------*.html\" class=\"badge badge-primary badge-mts\">&&</a>",
    "影片地区": "-*----------.html\" class=\"badge badge-primary badge-mts\">&&</a>",
    "影片类型": "---*--------.html\" class=\"badge fresh-green badge-mts\">&&<p style",
    "状态": "状态：&&</li>",
    "导演": "导演：&&</li>",
    "主演": "主演：&&</li>",
    "简介": "👶+color:darkgray\">&&</div>",
    "线路二次截取": "",
    "线路数组": "nav-item nav-link&&/a>",
    "线路标题": "👶+true\">&&<",
    "播放二次截取": "id=\"btngroup&&相关推荐[替换:lines>>tab-pane]",
    "播放数组": "fade show&&tab-pane",
    "播放列表": "<a&&/a>",
    "播放标题": ">&&<",
    "播放链接": "href=\"&&\"",
    "解析": "",
    "直接播放": "0",
    "播放请求头": "",
    "嗅探词": ".mp4#.m3u8",
    "过滤词": "",
    "跳转播放链接": "var player_*url\":\"&&\"",
    "跳转解析": "",
    "搜索请求头": "User-Agent$MOBILE_UA",
    "搜索url": "https://www.downcun.com/downcusc/{wd}----------{pg}---.html",
    "搜索模式": "1",
    "搜索后缀": "",
    "搜索二次截取": "",
    "搜索数组": "Movie-item\"&&</h4>",
    "搜索标题": "title=\"&&\"",
    "搜索图片": "data-original=\"&&\"",
    "搜索副标题": "dbadges\">&&<",
    "搜索链接": "href=\"&&\"",
    "筛选": "1",
    "类型": "预告片$32#动画片$31#奇幻片$16#犯罪片$15#悬疑片$14#纪录片$13#战争片$12#剧情片$11#恐怖片$10#科幻片$9#爱情片$8#喜剧片$7#动作片$6||海外剧$22#欧美剧$21#日韩剧$20#港台剧$18#国产剧$17||港台综艺$26#欧美综艺$25#日韩综艺$24#大陆综艺$23||其他动漫$30#欧美动漫$29#日韩动漫$28#国产动漫$27||空",
    "剧情": "",
    "剧情值": "*",
    "地区": "",
    "地区值": "*",
    "年份": "",
    "年份值": "*",
    "语言": "",
    "语言值": "*",
    "字母": "A&B&C&D&E&F&G&H&I&J&K&L&M&N&O&P&Q&R&S&T&U&V&W&X&Y&Z&0-9",
    "字母值": "*",
    "排序": "时间&人气&评分",
    "排序值": "time&hits&score"
}