{
    "t值-c": "https://www.kkys02.com/渲染目标:/name=\"t\".*?value=\"(.*?)\"/请求头(Cookie-c)[工具:渲染#url]",
    "域名-c": "https://www.kkys02.com",
    "图片前缀-c": "<script src=\"&&\"[包含:rdul][工具:源码#'截取'∬\"截取\"]",
    "主页url": "{{域名-c}}/",
    "分类url": "{{域名-c}}/show/{cateId}-----{by}-{catePg}.html;;ad0m0s0xn",
    "分类": "电影$1#电视剧$2#综艺$4#动漫$3#短剧$6",
    "排序": "综合$1#最新$2#最热$3#评分$4",
    "数组": "<div class=\"module-item\">&&</a>",
    "标题": "<div class=\"v-item-title\">&&</div>",
    "副标题": "<span>&&</span>[不含:可可]",
    "图片": "{{图片前缀-c}}+data-original=\"&&\"[不含:http]",
    "链接": "href=\"&&\"",
    "影片年代": "class=\"detail-tags-item\">&&</a>",
    "影片地区": "class=\"detail-tags-item\">&&</a>[含序号:2]",
    "影片类型": "class=\"detail-tags-item\">&&</a>[含序号:3]",
    "导演": "导演*</div>&&</div>",
    "主演": "演员*</div>&&</div>",
    "简介": "detail-desc\">&&</div>",
    "线路数组": "<span class=\"source-item-label&&/span>[不含:4K(]",
    "线路标题": ">&&<",
    "播放数组": "<div class=\"episode-list&&</div>",
    "播放列表": "&&分割(<a)",
    "播放标题": ">&&<",
    "播放链接": "href=\"&&\"",
    "跳转播放链接": "const playSource = {*src*\"&&\"||TMDPPPP = '&&'[工具:解aes-Isu7fOAvI6!&IKpAbVdhf&^F]",
    "过滤词": "baidu.com",
    "搜索url": "{{域名-c}}/search?t={{t值-c}}&k={wd}",
    "搜索二次截取": "<div class=\"search-result-list&&<div class=\"pagenation-box",
    "搜索数组": "<a&&</a>",
    "搜索标题": "title=\"&&\"",
    "搜索副标题": "<div class=\"tags\">&&</div>",
    "搜索图片": "{{图片前缀-c}}+data-original=\"&&\"[不含:http]",
    "搜索链接": "href=\"&&\""
}