{
    "作者": "",
    "站名": "",
    "请求头": "User-Agent$MOBILE_UA",
    "编码": "UTF-8",
    "图片代理": "0",
    "主页url": "https://www.nezhayy.com",
    "首页": "120",
    "起始页": "1",
    "分类url": "https://www.nezhayy.com/index.php/vod/show/area/{area}/by/{by}/id/{cateId}/lang/{lang}/page/{catePg}/year/{year}.html;;mrcd0",
    "分类": "电影&剧集&综艺&动漫&短剧",
    "分类值": "2&1&4&3&41",
    "二次截取": "",
    "数组": "vodbox-content\">&&</a>",
    "标题": "title\">&&<",
    "图片": "src=\"&&\"",
    "副标题": "text-overflow\">&&<",
    "链接": "href=\"&&\"",
    "影片年代": "年份：&&</a>",
    "影片地区": "地区：&&</li>",
    "影片类型": "class/*>&&</div>",
    "状态": "状态：&&</li>",
    "导演": "导演：&&</div></div>",
    "主演": "主演：&&</div></div",
    "简介": "👶+none\"></label>&&</p>",
    "线路二次截取": "",
    "线路数组": "#playlist&&</li>",
    "线路标题": "👶+>&&</a>",
    "播放二次截取": "tab-content\">&&class=\"left\">[替换:myui-vodbox>>tab-pane  lists]",
    "播放数组": "box fade in&&tab-pane  lists",
    "播放列表": "<a&&/a>",
    "播放标题": ">&&<",
    "播放链接": "href=\"&&\"",
    "解析": "",
    "直接播放": "0",
    "播放请求头": "",
    "嗅探词": ".mp4#.m3u8",
    "过滤词": "",
    "跳转播放链接": "var player_*url\":\"&&\"",
    "跳转解析": "",
    "搜索请求头": "User-Agent$MOBILE_UA",
    "搜索url": "https://www.nezhayy.com/index.php/vod/search/page/{pg}/wd/{wd}.html",
    "搜索模式": "1",
    "搜索后缀": "",
    "搜索二次截取": "",
    "搜索数组": "vodbox-content\">&&</a>",
    "搜索标题": "title\">&&<",
    "搜索图片": "src=\"&&\"",
    "搜索副标题": "text-overflow\">&&<",
    "搜索链接": "href=\"&&\"",
    "筛选": "1",
    "类型": "恐怖片$13#喜剧片$14#动作片$15#剧情片$16#科幻片$21#爱情片$22#动画片$23#战争片$24#犯罪片$25#记录片$26#悬疑惊悚片$27#其他电影$28||内地剧$6#欧美剧$7#韩剧$8#马泰剧$9#日剧$10#香港（地区）剧$11#台湾（地区）剧$12#其他剧$20||内地综艺$33#日韩综艺$34#欧美综艺$35#港台综艺$36#其他综艺$37||中国动漫$29#日本动漫$30#欧美动漫$31#其他动漫$32||空",
    "剧情": "",
    "剧情值": "*",
    "地区": "",
    "地区值": "*",
    "年份": "",
    "年份值": "*",
    "语言": "",
    "语言值": "*",
    "字母": "A&B&C&D&E&F&G&H&I&J&K&L&M&N&O&P&Q&R&S&T&U&V&W&X&Y&Z&0-9",
    "字母值": "*",
    "排序": "时间&人气&评分",
    "排序值": "time&hits&score"
}