{
    "作者": "",
    "站名": "",
    "请求头": "User-Agent$MOBILE_UA",
    "编码": "UTF-8",
    "图片代理": "0",
    "主页url": "https://www.didahd.pro",
    "首页": "120",
    "起始页": "1",
    "分类url": "https://www.didahd.pro/show/{cateId}-{area}-{by}-{class}-{lang}-{letter}---{catePg}---{year}.html;;mrcd0",
    "分类": "电影&剧集&动漫",
    "分类值": "1&2&4",
    "二次截取": "",
    "数组": "lazyload\"&&</a>",
    "标题": "title=\"&&\"",
    "图片": "data-original=\"&&\"",
    "副标题": "text-right\">&&<",
    "链接": "href=\"&&\"[替换:detail>>play#.html>>-1-1.html]",
    "影片年代": "年份：&&</a>",
    "影片地区": "地区：&&</li>",
    "影片类型": "类型：&&</li>",
    "状态": "状态：&&</li>",
    "导演": "导演：&&</p>",
    "主演": "主演：&&</p>",
    "简介": "👶+sketch content\">&&</span>",
    "线路二次截取": "box bottom\">&&</div",
    "线路数组": "<li>&&</li>",
    "线路标题": "👶+tab\">&&<[不包含:夸克网盘#百度网盘]",
    "播放二次截取": "",
    "播放数组": "id=\"playlist&&</ul>",
    "播放列表": "<a&&/a>",
    "播放标题": ">&&<",
    "播放链接": "href=\"&&\"",
    "解析": "",
    "直接播放": "0",
    "播放请求头": "",
    "嗅探词": ".mp4#.m3u8",
    "过滤词": "",
    "跳转播放链接": "var player_*url\":\"&&\"",
    "跳转解析": "",
    "搜索请求头": "User-Agent$MOBILE_UA",
    "搜索url": "https://www.didahd.pro/search/{wd}----------{pg}---.html",
    "搜索模式": "1",
    "搜索后缀": "",
    "搜索二次截取": "",
    "搜索数组": "lazyload\"&&</a>",
    "搜索标题": "title=\"&&\"",
    "搜索图片": "data-original=\"&&\"",
    "搜索副标题": "text-left\">&&<",
    "搜索链接": "href=\"&&\"",
    "筛选": "1",
    "类型": "动作$6#喜剧$7#爱情$8#科幻$9#恐怖$10#剧情$11#战争$12||国产剧$13#港台剧$14#日韩剧$15#海外剧$16||国产动漫$24#日韩动漫$25#港台动漫$26#欧美动漫$27",
    "剧情": "",
    "剧情值": "*",
    "地区": "",
    "地区值": "*",
    "年份": "",
    "年份值": "*",
    "语言": "",
    "语言值": "*",
    "字母": "A&B&C&D&E&F&G&H&I&J&K&L&M&N&O&P&Q&R&S&T&U&V&W&X&Y&Z&0-9",
    "字母值": "*",
    "排序": "时间&人气&评分",
    "排序值": "time&hits&score"
}