{
    "作者": "年少轻狂",
    "站名": "",
    "请求头": "User-Agent$MOBILE_UA",
    "编码": "UTF-8",
    "图片代理": "0",
    "主页url": "https://www.guowaiju.com/",
    "首页": "120",
    "起始页": "1",
    "分类url": "/index.php/ds_api/vod;post;type={cateId}&area={area}&class={class}&by={by}&page={catePg}&year={year};;mrcd0",
    "分类": "电影&剧集&综艺&动漫",
    "分类值": "20&21&22&24",
    "二次截取": "默认--list\":\\[&&\\]||首页--空",
    "数组": "默认--{&&}||首页--public-list-exp&&</a",
    "标题": "默认--vod_name\":\"&&\"||首页--title=\"&&\"",
    "图片": "默认--vod_pic\":\"&&\"||首页--data-src=\"&&\"",
    "副标题": "默认--vod_remarks\":\"&&\"||首页--hide ft2>&&<",
    "链接": "默认--url\":\"&&\"[替换:voddetail>>vodplay#.html>>-1-1.html]||首页--href=\"&&\"[替换:voddetail>>vodplay#.html>>-1-1.html]",
    "影片年代": "-------------*.html\" target=\"_blank\">&&</a>",
    "影片地区": "--*-----------.html\" target=\"_blank\">&&</div>",
    "影片类型": "类型：&&</div>",
    "状态": "状态：&&</li>",
    "导演": "导演:&&</div>",
    "主演": "演员:&&</div>",
    "简介": "👶+text cor3\">&&</div>",
    "线路二次截取": "anthology-tab nav-&&</div>",
    "线路数组": "<a&&</a>",
    "线路标题": "👶+</i>&&<+badge\">&&<",
    "播放二次截取": "",
    "播放数组": "anthology-list-play&&</ul",
    "播放列表": "<a&&/a>",
    "播放标题": ">&&</span",
    "播放链接": "href=\"&&\"",
    "解析": "",
    "直接播放": "0",
    "播放请求头": "",
    "嗅探词": ".mp4#.m3u8",
    "过滤词": "",
    "跳转播放链接": "",
    "跳转解析": "",
    "搜索请求头": "User-Agent$MOBILE_UA",
    "搜索url": "vodsearch/page/{pg}/wd/{wd}.html",
    "搜索数组": "list-exp&&</a>",
    "搜索标题": "alt=\"&&封面图",
    "搜索图片": "data-src=\"&&\"",
    "搜索副标题": "ft2\">&&<",
    "搜索链接": "href=\"&&\"",
    "筛选": "1",
    "类型": "冒险片$6#剧情片$7#动作片$8#动画片$9#同性片$10#喜剧片$11#奇幻片$12#恐怖片$20#悬疑片$21#惊悚片$22#战争片$23#歌舞片$24#灾难片$25#爱情片$26#犯罪片$27#科幻片$28#经典片$29#网络片$30#其他片$59||欧美剧$13#日剧$14#韩剧$15#国产剧$16#泰剧$31#港剧$32#台剧$33#新马剧$34#其他剧$35||欧美综艺$36#日本综艺$37#韩国综艺$38#国产综艺$39#港台综艺$40#其他综艺$41||欧美动漫$42#日本动漫$43#韩国动漫$44#国产动漫$45#港台动漫$46#其他动漫$47||古装短剧$60#虐恋短剧$61#逆袭短剧$62#悬疑短剧$63#神豪短剧$64#重生短剧$65#复仇$66#穿越$67#甜宠$68#强者$69#其他$70",
    "剧情": "",
    "剧情值": "*",
    "地区": "",
    "地区值": "*",
    "年份": "",
    "年份值": "*",
    "语言": "",
    "语言值": "*",
    "字母": "A&B&C&D&E&F&G&H&I&J&K&L&M&N&O&P&Q&R&S&T&U&V&W&X&Y&Z&0-9",
    "字母值": "*",
    "排序": "时间&人气&评分",
    "排序值": "time&hits&score"
}