{
    "作者": "",
    "站名": "",
    "请求头": "User-Agent$MOBILE_UA",
    "编码": "UTF-8",
    "图片代理": "0",
    "主页url": "https://www.dmyy1.com/index/home.html",
    "首页": "120",
    "起始页": "1",
    "分类url": "https://www.dmyy1.com/vodshow/{cateId}-{area}-{by}-{class}-{lang}-{letter}---{catePg}---{year}.html;;mrcd0",
    "分类": "电影&剧集&综艺&动漫&福利",
    "分类值": "20&21&22&23&35",
    "二次截取": "",
    "数组": "/voddetail&&</a>",
    "标题": "title=\"&&\"",
    "图片": "data-original=\"&&\"",
    "副标题": "module-item-note\">&&<",
    "链接": "/voddetail/+/&&\"",
    "影片年代": "-----------*.html\">&&</a>",
    "影片地区": "-*----------.html\">&&</div>",
    "影片类型": "---*--------.html\">&&</div>",
    "状态": "备注：&&</div>",
    "导演": "导演：&&</div>",
    "主演": "主演：&&</div>",
    "简介": "👶+<p>&&</p>",
    "线路二次截取": "",
    "线路数组": "module-tab-item tab-item&&/small>",
    "线路标题": "👶+>&&</span>+【共+<small>&&<+集】",
    "播放二次截取": "",
    "播放数组": "module-play-list\">&&</div>",
    "播放列表": "<a&&/a>",
    "播放标题": ">&&</span",
    "播放链接": "href=\"&&\"",
    "解析": "",
    "直接播放": "0",
    "播放请求头": "",
    "嗅探词": ".mp4#.m3u8",
    "过滤词": "",
    "跳转播放链接": "var player_*url\":\"&&\"",
    "跳转解析": "",
    "搜索请求头": "User-Agent$MOBILE_UA",
    "搜索url": "/index.php/ajax/suggest?mid=1&wd={wd}&page={pg}&limit=30;post;wd={wd}&page={pg}",
    "搜索模式": "1",
    "搜索后缀": "",
    "搜索二次截取": "",
    "搜索数组": "lazyload\"&&</a>",
    "搜索标题": "title=\"&&\"",
    "搜索图片": "data-original=\"&&\"",
    "搜索副标题": "text-right\">&&<",
    "搜索链接": "href=\"&&\"",
    "筛选": "1",
    "类型": "",
    "剧情": "Netflix&仙侠&剧情&科幻&动作&喜剧&爱情&冒险&儿童&歌舞&音乐&奇幻&动画&恐怖&惊悚&丧尸&战争&传记&纪录&犯罪&悬疑&西部&灾难&古装&武侠&家庭&短片&校园&文艺&运动&青春&同性&励志&人性&美食&女性&治愈&历史&真人秀&脱口秀||Netflix&短剧&剧情&网剧&丧尸&仙侠&穿越&惊悚&恐怖&言情&科幻&动作&喜剧&爱情&偶像&都市&军旅&谍战&罪案&宫廷&冒险&儿童&歌舞&音乐&奇幻&动画&战争&传记&记录&犯罪&悬疑&西部&灾难&古装&武侠&家庭&短片&校园&文艺&运动&青春&同性&励志&人性&美食&女性&治愈&历史&真人秀&脱口秀||Netflix&脱口秀&真人秀&选秀&八卦&访谈&情感&生活&晚会&搞笑&音乐&时尚&游戏&少儿&体育&纪实&科教&曲艺&歌舞&财经&汽车&播报&其他||Netflix&脱口秀&真人秀&选秀&八卦&访谈&情感&生活&晚会&搞笑&音乐&时尚&游戏&少儿&体育&纪实&科教&曲艺&歌舞&财经&汽车&播报&其他&热血&科幻&美少女&魔幻&经典&励志&少儿&冒险&搞笑&推理&恋爱&治愈&幻想&校园&动物&机战&亲子&儿歌&运动&悬疑&怪物&战争&益智&青春&童话&竞技&动作&社会&友情&真人版&电影版&OVA版&TV版&新番动画&完结动画||空",
    "剧情值": "*",
    "地区": "",
    "地区值": "*",
    "年份": "",
    "年份值": "*",
    "语言": "",
    "语言值": "*",
    "字母": "A&B&C&D&E&F&G&H&I&J&K&L&M&N&O&P&Q&R&S&T&U&V&W&X&Y&Z&0-9",
    "字母值": "*",
    "排序": "时间&人气&评分",
    "排序值": "time&hits&score"
}