{
    "作者": "",
    "站名": "",
    "请求头": "User-Agent$MOBILE_UA",
    "编码": "UTF-8",
    "图片代理": "0",
    "主页url": "https://m.rczhhr.com",
    "首页": "120",
    "起始页": "1",
    "分类url": "https://m.rczhhr.com/g/{cateId}/p{catePg}.php;;mrcd0",
    "分类": "电影&剧集&综艺&动漫&短剧&故事",
    "分类值": "22901&22913&22923&22929&22937&22952",
    "二次截取": "<ul lang=\"hseSYueNx&&</ul>",
    "数组": "pic\">&&</li>",
    "标题": "biaoti\">*>&&</a",
    "图片": "data-original=\"&&\"",
    "副标题": "<span>&&<",
    "链接": "href=\"&&\"",
    "影片年代": "年代：&&</li>",
    "影片地区": "地区：&&</li>",
    "影片类型": "类型：&&</li>",
    "状态": "lJkauf\">&&</span>",
    "导演": "导演：&&</li>",
    "主演": "主演：&&</li>",
    "简介": "👶+text-indent: 2em;\">&&</p>",
    "线路二次截取": "",
    "线路数组": "<b class=\"eY8RHl&&</div>",
    "线路标题": "👶+>&&</b>",
    "播放二次截取": "",
    "播放数组": "bofang\">&&</ul>",
    "播放列表": "<a&&/a>",
    "播放标题": ">&&<",
    "播放链接": "href=\"&&\"",
    "解析": "",
    "直接播放": "0",
    "播放请求头": "",
    "嗅探词": ".mp4#.m3u8",
    "过滤词": "",
    "跳转播放链接": "url: '&&'",
    "跳转解析": "",
    "搜索请求头": "User-Agent$MOBILE_UA",
    "搜索url": "https://m.rczhhr.com/eb/{wd}.php",
    "搜索模式": "1",
    "搜索后缀": "",
    "搜索二次截取": "",
    "搜索数组": "pic\">&&</li>",
    "搜索标题": "biaoti\">*>&&</a",
    "搜索图片": "data-original=\"&&\"",
    "搜索副标题": "<span>&&<",
    "搜索链接": "href=\"&&\"",
    "筛选": "1",
    "类型": "动作片$22902#喜剧片$22903#爱情片$22904#科幻片$22905#剧情片$22906#恐怖片$22907#战争片$22908#动漫电影$22909#邵氏电影$22910#动漫片$22911#故事片$22912#4K电影$47821#Netflix电影$47822#影视解说$22936||大陆剧$22914#欧美剧$22915#港澳剧$22916#韩剧$22917#日剧$22918#台湾剧$22919#泰剧$22920#海外剧$22921#Netflix自制剧$47820||大陆综艺$22924#日韩综艺$22925#港台综艺$22926#欧美综艺$22927#演唱会$22928||国产动漫$22930#日韩动漫$22931#欧美动漫$22932#港台动漫$22933#海外动漫$22934#其它动漫$22935||有声动漫$22938#女频恋爱$22939#反转爽剧$22940#古装仙侠$22941#年代穿越$22942#脑洞悬疑$22943#现代都市$22944#重生短剧$22945#现代言情$22946#总裁爱恋$22947#婚姻短剧$22948#都市脑洞$22949#仙侠修真$22950#擦边短剧$47823||港台故事$22952#韩国故事$22953#西方故事$22954#日本故事$22955#故事课堂$22956#舞蹈$22957",
    "剧情": "",
    "剧情值": "*",
    "地区": "",
    "地区值": "*",
    "年份": "",
    "年份值": "*",
    "语言": "",
    "语言值": "*",
    "字母": "A&B&C&D&E&F&G&H&I&J&K&L&M&N&O&P&Q&R&S&T&U&V&W&X&Y&Z&0-9",
    "字母值": "*",
    "排序": "时间&人气&评分",
    "排序值": "time&hits&score"
}