{
    "作者": "",
    "站名": "",
    "请求头": "User-Agent$MOBILE_UA",
    "编码": "UTF-8",
    "图片代理": "0",
    "主页url": "https://www.lihong56.com",
    "首页": "120",
    "起始页": "1",
    "分类url": "https://www.lihong56.com/search.php?page={catePg}&searchtype=5&order={by}&tid={cateId}&area={area}&year={year}&letter=&yuyan=&state=&money=&ver=&jq=;;mrcd0",
    "分类": "电影&剧集&综艺&动漫",
    "分类值": "1&2&3&4",
    "二次截取": "",
    "数组": "fed-list-item&&</li>",
    "标题": "fed-list-title*>&&<",
    "图片": "data-original=\"&&\"",
    "副标题": "text-center\">&&<",
    "链接": "href=\"&&\"",
    "影片年代": "年份：&&</li>",
    "影片地区": "地区：&&</li>",
    "影片类型": "分类：&&</li>",
    "状态": "更新：&&</li>",
    "导演": "导演：&&</li>",
    "主演": "主演：&&</li>",
    "简介": "👶+简介：&&</li>",
    "线路二次截取": "<dt class=\"tabt&&</dt>",
    "线路数组": "<span&&/span>",
    "线路标题": "👶+ico_play.png\">&&<",
    "播放二次截取": "",
    "播放数组": "<ul class=\"ulNumList&&</ul>",
    "播放列表": "<a&&/a>",
    "播放标题": ">&&<",
    "播放链接": "href=\"&&\"",
    "解析": "",
    "直接播放": "0",
    "播放请求头": "",
    "嗅探词": ".mp4#.m3u8",
    "过滤词": "",
    "跳转播放链接": "var *=\"&&\"",
    "跳转解析": "",
    "搜索请求头": "User-Agent$MOBILE_UA",
    "搜索url": "https://www.lihong56.com/search.php?page={pg}&searchword={wd}&searchtype=",
    "搜索模式": "1",
    "搜索后缀": "",
    "搜索二次截取": "",
    "搜索数组": "fed-list-item&&</li>",
    "搜索标题": "fed-list-title*>&&<",
    "搜索图片": "data-original=\"&&\"",
    "搜索副标题": "text-center\">&&<",
    "搜索链接": "href=\"&&\"",
    "筛选": "1",
    "类型": "动作片$5#爱情片$6#科幻片$7#恐怖片$8#战争片$9#喜剧片$10#纪录片$11#剧情片$12#惊悚片$33#恋爱片$34#悬疑片$35#奇幻片$36#纪实片$37#军事片$39#犯罪片$40||电视剧$13#港剧$14#美剧$15#韩剧$16#日剧$25#台剧$28#泰剧$29#短剧$30#大陆剧$38||空||樱花动漫$27#动漫电影$31#风车动漫$32",
    "剧情": "",
    "剧情值": "*",
    "地区": "",
    "地区值": "*",
    "年份": "",
    "年份值": "*",
    "语言": "",
    "语言值": "*",
    "字母": "A&B&C&D&E&F&G&H&I&J&K&L&M&N&O&P&Q&R&S&T&U&V&W&X&Y&Z&0-9",
    "字母值": "*",
    "排序": "时间&人气&评分",
    "排序值": "time&hits&score"
}