{
    "作者": "",
    "站名": "",
    "请求头": "User-Agent$MOBILE_UA",
    "编码": "UTF-8",
    "图片代理": "0",
    "主页url": "https://www.zd-qqbj.com",
    "首页": "120",
    "起始页": "1",
    "分类url": "https://www.zd-qqbj.com/search.php?page={catePg}&searchtype=5&area={area}&tid={cateId}&yuyan={lang}&year={year};;mrcd0",
    "分类": "电影&剧集&综艺&动漫&短剧",
    "分类值": "1&2&3&4&32",
    "二次截取": "",
    "数组": "link nSbvAr\"&&</a>",
    "标题": "title=\"&&\"",
    "图片": "data-src=\"&&\"",
    "副标题": "tag1 VcMRRJ\">&&<",
    "链接": "href=\"&&\"[替换:products>>dvdplay#.html>>-1-1.html]",
    "影片年代": "年份：&&</a>",
    "影片地区": "地区：&&</li>",
    "影片类型": "类型：&&</li>",
    "状态": "状态：&&</li>",
    "导演": "导演：&&</li>",
    "主演": "主演：&&</li>",
    "简介": "👶+description\" content=\"&&\">",
    "线路二次截取": "",
    "线路数组": "#player&&</li>",
    "线路标题": "👶+>&&</a>",
    "播放二次截取": "",
    "播放数组": "<ul class=\"list-playlist&&</ul",
    "播放列表": "<a&&/a>",
    "播放标题": ">&&<",
    "播放链接": "href=\"&&\"",
    "解析": "",
    "直接播放": "0",
    "播放请求头": "",
    "嗅探词": ".mp4#.m3u8",
    "过滤词": "",
    "跳转播放链接": "Base64(var now=base64decode(\"&&\"))",
    "跳转解析": "",
    "搜索请求头": "User-Agent$MOBILE_UA",
    "搜索url": "https://www.zd-qqbj.com/search.php?page={pg}&searchword={wd}&searchtype=",
    "搜索模式": "1",
    "搜索后缀": "",
    "搜索二次截取": "",
    "搜索数组": "link nSbvAr\"&&</a>",
    "搜索标题": "title=\"&&\"",
    "搜索图片": "data-src=\"&&\"",
    "搜索副标题": "tag1 VcMRRJ\">&&<",
    "搜索链接": "href=\"&&\"[替换:products>>dvdplay#.html>>-1-0.html]",
    "筛选": "1",
    "类型": "动作片$5#爱情片$6#科幻片$7#恐怖片$8#战争片$9#喜剧片$10#纪录片$11#剧情片$12#悬疑片$25#历史片$26#犯罪片$27#灾难片$28#惊悚片$29#家庭片$30#古装片$31#恋爱片$52#冒险片$59#网络电影$60#经典片$61#预告片$62#解说$63#歌舞片$64#奇幻片$65||国产剧$39#港台剧$14#欧美剧$15#日韩剧$16#港剧$33#韩剧$34#美剧$35#泰剧$36#日剧$67#台剧$37#海外剧$38#大陆剧$13||国产综艺$40#港台综艺$41#日韩综艺$42#欧美综艺$43#综艺大全$44||国产动漫$45#港台动漫$46#日韩动漫$47#欧美动漫$48#大陆动漫$49#樱花动漫$50#风车动漫$51#动漫电影$66||穿越短剧$53#爱情短剧$54#悬疑短剧$55#仙侠短剧$56#都市短剧$57#短剧2$58",
    "剧情": "",
    "剧情值": "*",
    "地区": "",
    "地区值": "*",
    "年份": "",
    "年份值": "*",
    "语言": "",
    "语言值": "*",
    "字母": "A&B&C&D&E&F&G&H&I&J&K&L&M&N&O&P&Q&R&S&T&U&V&W&X&Y&Z&0-9",
    "字母值": "*",
    "排序": "时间&人气&评分",
    "排序值": "time&hits&score"
}