{
    "作者": "",
    "站名": "",
    "请求头": "User-Agent$MOBILE_UA",
    "编码": "UTF-8",
    "图片代理": "0",
    "主页url": "http://www.fsmjpacking.com",
    "首页": "120",
    "起始页": "1",
    "分类url": "http://www.fsmjpacking.com/index.php?s=home-vod-type-id-{cateId}-mcid-{class}-area-{area}-year-{year}-letter-{letter}-order-{by}-picm--p-{catePg};;mrcd0",
    "分类": "电影&剧集&动漫&综艺",
    "分类值": "1&2&3&4",
    "二次截取": "",
    "数组": "img-pic\"&&</li>",
    "标题": "title=\"&&\"",
    "图片": "data-original=\"&&\"",
    "副标题": "text-right\">&&<",
    "链接": "href=\"&&\"",
    "影片年代": "年代：&&</li>",
    "影片地区": "地区：&&</li>",
    "影片类型": "类型：&&</li>",
    "状态": "状态：&&</li>",
    "导演": "导演：&&</li>",
    "主演": "主演：&&</li>",
    "简介": "👶+简介：&&</p>",
    "线路二次截取": "",
    "线路数组": "#con_playlist&&</li>",
    "线路标题": "👶+>&&</a>",
    "播放二次截取": "",
    "播放数组": "id=\"con_playlist&&</ul>",
    "播放列表": "<a&&/a>",
    "播放标题": ">&&<",
    "播放链接": "href=\"&&\"",
    "解析": "",
    "直接播放": "0",
    "播放请求头": "",
    "嗅探词": ".mp4#.m3u8",
    "过滤词": "",
    "跳转播放链接": "var zanpiancms_player =url\":\"&&\"",
    "跳转解析": "",
    "搜索请求头": "User-Agent$MOBILE_UA",
    "搜索url": "/index.php?s=home-search-index-wd-{wd}-p-{pg}",
    "搜索模式": "1",
    "搜索后缀": "",
    "搜索二次截取": "",
    "搜索数组": "img-pic\"&&</li>",
    "搜索标题": "title=\"&&\"",
    "搜索图片": "data-original=\"&&\"",
    "搜索副标题": "text-color\">&&<",
    "搜索链接": "href=\"&&\"",
    "筛选": "1",
    "类型": "动作片$25#喜剧片$26#爱情片$27#科幻片$28#恐怖片$29#战争片$30#剧情片$31#纪录片$32#动画片$33||国产剧$17#香港剧$18#欧美剧$19#日本剧$20#海外剧$21#台湾剧$22#韩国剧$23#泰国剧$24||空||空",
    "剧情": "惊悚$6#悬疑$1#魔幻$13#言情$10#罪案$2#冒险$9#灾难$14#古装$15#青春$5#歌舞$16#励志$12#文艺$3#生活$4#动画$7#伦理$42#原声$43#历史$8#谍战$33#穿越$35#军旅$24#家庭$27#预告$26#益智$25#偶像$28#犯罪$22#搞笑$30#热血$31#经典$32#童话$37#刑侦$38#推理$41#音乐$39#校园$29#神话$20#都市$11#职场$19#美食$17#旅游$18#科幻$34#恐怖$36#喜剧$21#战争$23#剧情$45#记录$44#爱情$40#奇幻$52#动作$51#明星$48#武侠$50#其它$53#时尚$47#少女$54#竞技$46#商战$55#游戏$56||农村$102#喜剧$64#偶像$67#古装$65#武侠$66#神话$70#穿越$71#刑侦$61#商战$77#战争$62#军旅$63#谍战$68#年代$104#职场$89#校园$75#动画$90#言情$57#科幻$73#热血$84#剧情$101#青春$81#悬疑$72#惊悚$79#犯罪$80#恐怖$93#冒险$78#励志$85#罪案$82#歌舞$92#少女$74#动漫$83#旅游$86#时尚$87#真人秀$88#未知$76#文艺$91#抗战$109#革命$111#奇幻$110#历史$69#传奇$108#军事$107#搞笑$106#预告$105#音乐$94#游戏$95#益智$96#情感$97#童话$98#爱情$100#推理$99#动作$116#灾难$115#近代革命$114#脱口秀$113#近代传奇$112#美食$117#经典$118#网络剧$119#玄幻$120#破案$121#真人剧$122#伦理$123||冒险$129#热血$127#搞笑$130#少女$125#恋爱$148#魔幻$126#推理$128#神魔$146#竞技$133#游戏$149#益智$131#机战$151#宠物$153#格斗$155#魔法$156#亲子$150#励志$141#青春$138#都市$137#惊悚$143#经典$132#童话$134#真人$154#校园$152#文艺$139#生活$140#古装$142#科幻$144#动画$136#剧情$147#犯罪$159#动漫$124#历史$145#悬疑$158#歌舞$169#家庭$168#武侠$167#音乐$166#战争$164#喜剧$165#恐怖$163#偶像$161#罪案$160#真人秀$157#言情$162#美食$170#灾难$171||真人秀$179#脱口秀$176#选秀$182#情感$175#访谈$180#美食$181#旅游$186#财经$185#军事$194#职场$187#音乐$178#时尚$177#娱乐$172#体育$200#生活$188#社会$189#新闻$190#看点$195#故事$197#少儿$196#人物$193#文化$192#游戏$184#历史$191#益智$183#歌舞$198#晚会$174#纪实$199#青春$206#经典$204#文艺$203#冒险$207#都市$208#热血$202#偶像$201#喜剧$211#娱乐$205#未知$173#悬疑$212#推理$213",
    "剧情值": "*",
    "地区": "",
    "地区值": "*",
    "年份": "",
    "年份值": "*",
    "语言": "",
    "语言值": "*",
    "字母": "A&B&C&D&E&F&G&H&I&J&K&L&M&N&O&P&Q&R&S&T&U&V&W&X&Y&Z&0-9",
    "字母值": "*",
    "排序": "时间&人气&评分",
    "排序值": "addtime&hits&gold"
}