{
    "作者": "年少轻狂",
    "站名": "",
    "请求头": "User-Agent$MOBILE_UA",
    "编码": "UTF-8",
    "图片代理": "0",
    "主页url": "https://www.vsyyy.com/",
    "首页": "120",
    "起始页": "1",
    "分类url": "https://www.vsyyy.com/search.php?page={catePg}&searchtype=5&order={by}&tid={cateId}&area={area}&year={year}&letter=&yuyan=&state=&money=&ver=&jq=;;mrcd0",
    "分类": "电影$1#电视剧$2#综艺$3#动漫$4#预告$30#短剧$38",
    "二次截取": "",
    "数组": "pics fed-lazy&&</li>",
    "标题": "href=\"*html\">&&<",
    "图片": "data-original=\"&&\"",
    "副标题": "text-center\">&&<",
    "链接": "href=\"&&\"",
    "影片年代": "年份：&&</li>",
    "影片地区": "地区：&&</li>",
    "影片类型": "分类：&&</li>",
    "状态": "更新：&&</li>",
    "导演": "导演：&&</li>",
    "主演": "主演：&&</li>",
    "简介": "👶+matp-v\">&&</div>",
    "线路二次截取": "class=\"tabt&&</dt>",
    "线路数组": "<span&&</span>",
    "线路标题": "👶+img src=\"*>&&<+>&&</sup>",
    "播放二次截取": "",
    "播放数组": "clearfix list&&</ul>",
    "播放列表": "<a&&/a>",
    "播放标题": "self\">&&<[不包含:APP秒播]",
    "播放链接": "href=\"&&\"",
    "解析": "",
    "直接播放": "0",
    "播放请求头": "",
    "嗅探词": ".mp4#.m3u8",
    "过滤词": "",
    "跳转播放链接": "var now=\"&&\"",
    "跳转解析": "",
    "搜索请求头": "User-Agent$MOBILE_UA",
    "搜索url": "",
    "搜索模式": "1",
    "搜索后缀": "",
    "搜索二次截取": "",
    "搜索数组": "",
    "搜索标题": "",
    "搜索图片": "data-original=\"&&\"",
    "搜索副标题": "",
    "搜索链接": "href=\"&&\"",
    "筛选": "1",
    "类型": "动作片$5#爱情片$6#科幻片$7#恐怖片$8#战争片$9#喜剧片$10#剧情片$12#古装片$25#悬疑片$26#纪录片$27#历史片$28#惊悚片$29#奇幻片$31#冒险片$32#犯罪片$33||大陆剧$13#港台剧$14#欧美剧$15#日韩剧$16#泰剧$39||空||空||空||快手短剧$36#抖音短剧$37",
    "剧情": "",
    "剧情值": "*",
    "地区": "",
    "地区值": "*",
    "年份": "",
    "年份值": "*",
    "语言": "",
    "语言值": "*",
    "字母": "A&B&C&D&E&F&G&H&I&J&K&L&M&N&O&P&Q&R&S&T&U&V&W&X&Y&Z&0-9",
    "字母值": "*",
    "排序": "时间&人气&评分",
    "排序值": "time&hits&score"
}