{
    "作者": "",
    "站名": "",
    "请求头": "User-Agent$MOBILE_UA",
    "编码": "UTF-8",
    "图片代理": "0",
    "主页url": "https://www.naifeitv.me",
    "首页": "120",
    "起始页": "1",
    "分类url": "https://www.naifeitv.me/index.php/vod/show/by/{by}/id/{cateId}/page/{catePg}.html;;mrcd0",
    "分类": "电影&剧集&综艺&动漫&电影解说&短剧",
    "分类值": "29&20&38&39&40&42",
    "二次截取": "",
    "数组": "lazyload\"&&</a>",
    "标题": "title=\"&&\"",
    "图片": "data-original=\"&&\"",
    "副标题": "text-right\">&&<",
    "链接": "href=\"&&\"",
    "影片年代": "year/*>&&</a>",
    "影片地区": "地区：&&</li>",
    "影片类型": "类型：&&</li>",
    "状态": "状态：&&</li>",
    "导演": "导演：&&</li>",
    "主演": "主演：&&</li>",
    "简介": "👶+简介：&&</p>",
    "线路二次截取": "",
    "线路数组": "#playlist&&</a>",
    "线路标题": "👶+tab\">&&<",
    "播放二次截取": "",
    "播放数组": "<ul class=\"myui-content__list&&</ul>",
    "播放列表": "<a&&/a>",
    "播放标题": ">&&<",
    "播放链接": "href=\"&&\"",
    "解析": "",
    "直接播放": "0",
    "播放请求头": "",
    "嗅探词": ".mp4#.m3u8",
    "过滤词": "",
    "跳转播放链接": "var player_*url\":\"&&\"",
    "跳转解析": "",
    "搜索请求头": "User-Agent$MOBILE_UA",
    "搜索url": "https://www.naifeitv.me/index.php/vod/search/page/{pg}/wd/{wd}.html",
    "搜索模式": "1",
    "搜索后缀": "",
    "搜索二次截取": "",
    "搜索数组": "lazyload\"&&</a>",
    "搜索标题": "title=\"&&\"",
    "搜索图片": "data-original=\"&&\"",
    "搜索副标题": "text-right\">&&<",
    "搜索链接": "href=\"&&\"",
    "筛选": "1",
    "类型": "动作片$30#喜剧片$31#爱情片$32#科幻片$33#恐怖片$34#剧情片$35#战争片$36#纪录片$37#灾难片$52#悬疑片$53#犯罪片$54||国产剧$21#香港剧$22#台湾剧$23#韩国剧$24#日本剧$25#泰国剧$26#欧美剧$27#其他剧$28||大陆综艺$43#港台综艺$44#日韩综艺$45#欧美综艺$46||国产动漫$47#日韩动漫$48#欧美动漫$49#港台动漫$50#海外动漫$51||空||空",
    "剧情": "",
    "剧情值": "*",
    "地区": "",
    "地区值": "*",
    "年份": "",
    "年份值": "*",
    "语言": "",
    "语言值": "*",
    "字母": "A&B&C&D&E&F&G&H&I&J&K&L&M&N&O&P&Q&R&S&T&U&V&W&X&Y&Z&0-9",
    "字母值": "*",
    "排序": "时间&人气&评分",
    "排序值": "time&hits&score"
}