{
    "作者": "",
    "站名": "",
    "请求头": "User-Agent$MOBILE_UA",
    "编码": "UTF-8",
    "图片代理": "0",
    "主页url": "https://m.jslpsp.com",
    "首页": "120",
    "起始页": "1",
    "分类url": "/index.php/ajax/data?mid=1&tid={cateId}&page={catePg}&limit=30",
    "分类": "电影$1#剧集$2#综艺$3#动漫$4",
    "二次截取": "list\":\\[&&\\][替换:\"vod_id>>电线杆子\"vod_id#\"vod_year>>鸡毛掸子\"vod_year]",
    "数组": "默认--电线杆子&&鸡毛掸子||首页--/kan&&</a",
    "图片": "默认--vod_pic\":\"&&\"||首页--data-original=\"&&\"",
    "标题": "默认--vod_name\":\"&&\"||首页--title=\"&&\"",
    "副标题": "默认--vod_remarks\":\"&&\"||首页--module-item-note\">&&<",
    "链接": "默认--/kan/+vod_id\":&&,+.html||首页--/kan/+/&&\"",
    "影片年代": "-----------*.html\">&&</a>",
    "影片地区": "-*----------.html\">&&</div>",
    "影片类型": "---*--------.html\">&&</div>",
    "状态": "集数：&&</div>",
    "导演": "导演：&&</div>",
    "主演": "主演：&&</div>",
    "简介": "👶+<p>&&</p>",
    "线路二次截取": "",
    "线路数组": "module-tab-item tab-item&&/small>",
    "线路标题": "👶+>&&</span>+【共+<small>&&<+集】",
    "播放二次截取": "",
    "播放数组": "module-play-list\">&&</div>",
    "播放列表": "<a&&/a>",
    "播放标题": ">&&</span",
    "播放链接": "href=\"&&\"",
    "解析": "",
    "直接播放": "0",
    "播放请求头": "",
    "嗅探词": ".mp4#.m3u8",
    "过滤词": "",
    "跳转播放链接": "var player_*url\":\"&&\"",
    "跳转解析": "",
    "搜索请求头": "User-Agent$MOBILE_UA",
    "搜索url": "https://m.jslpsp.com/search/{wd}----------{pg}---.html",
    "搜索模式": "1",
    "搜索后缀": "",
    "搜索二次截取": "",
    "搜索数组": "module-item-cover\">&&</strong>",
    "搜索标题": "alt=\"&&\"",
    "搜索图片": "data-original=\"&&\"",
    "搜索副标题": "module-item-note\">&&<",
    "搜索链接": "href=\"&&\"",
    "筛选": "1",
    "类型": "动作片$6#喜剧片$7#爱情片$8#科幻片$9#恐怖片$10#剧情片$11#战争片$12#动画片$24#纪录片$23||国产剧$13#香港剧$14#韩国剧$15#欧美剧$16#台湾剧$20#日本剧$21#其它剧$22#网红短剧$34||大陆综艺$25#日韩综艺$26#港台综艺$27#欧美综艺$28||国产动漫$29#日韩动漫$30#欧美动漫$31#其它动漫$32",
    "剧情": "",
    "剧情值": "*",
    "地区": "",
    "地区值": "*",
    "年份": "",
    "年份值": "*",
    "语言": "",
    "语言值": "*",
    "字母": "A&B&C&D&E&F&G&H&I&J&K&L&M&N&O&P&Q&R&S&T&U&V&W&X&Y&Z&0-9",
    "字母值": "*",
    "排序": "时间&人气&评分",
    "排序值": "time&hits&score"
}