{
    "作者": "",
    "站名": "",
    "请求头": "User-Agent$MOBILE_UA",
    "编码": "UTF-8",
    "图片代理": "0",
    "主页url": "http://www.wanmeikankan.net",
    "首页": "120",
    "起始页": "1",
    "分类url": "http://www.wanmeikankan.net/mulu{cateId}-xuan---{year}--{by}-{area}--ye{catePg}.html;;mrcd0",
    "分类": "电影&剧集&综艺&动漫",
    "分类值": "1&2&4&3",
    "二次截取": "",
    "数组": "li_all\">&&</li>",
    "标题": "name\">*>&&</a",
    "图片": "src=\"&&\"",
    "副标题": "actor\">&&<",
    "链接": "href=\"&&\"",
    "影片年代": "年份：&&</dd>",
    "影片地区": "地区：&&</dd>",
    "影片类型": "类型：&&</dd>",
    "状态": "连载：&&</dd>",
    "导演": "导演：&&</dd>",
    "主演": "主演：&&</dd>",
    "简介": "👶+des_xy\">&&</div>",
    "线路二次截取": "",
    "线路数组": "ptit clearfix\">&&</div>",
    "线路标题": "👶+>&&</b>",
    "播放二次截取": "",
    "播放数组": "ulli clearfix\">&&</ul>",
    "播放列表": "<a&&/a>",
    "播放标题": ">&&<",
    "播放链接": "href=\"&&\"",
    "解析": "",
    "直接播放": "0",
    "播放请求头": "",
    "嗅探词": ".mp4#.m3u8",
    "过滤词": "",
    "跳转播放链接": "var url = \"&&\"",
    "跳转解析": "var jiekou =\"&&\"",
    "搜索请求头": "User-Agent$MOBILE_UA",
    "搜索url": "http://www.wanmeikankan.net/sou-ci-{wd}-ye{pg}.html",
    "搜索模式": "1",
    "搜索后缀": "",
    "搜索二次截取": "",
    "搜索数组": "li_all\">&&</li>",
    "搜索标题": "name\">*>&&</a",
    "搜索图片": "src=\"&&\"",
    "搜索副标题": "备注：&&</p",
    "搜索链接": "href=\"&&\"",
    "筛选": "1",
    "类型": "动作片$8#喜剧片$9#爱情片$10#科幻片$11#恐怖片$12#战争片$13#剧情片$14||大陆剧$22#香港剧$23#台湾剧$24#日本剧$25#韩国剧$26#欧美剧$27#海外剧$29||空||空",
    "剧情": "",
    "剧情值": "*",
    "地区": "",
    "地区值": "*",
    "年份": "",
    "年份值": "*",
    "语言": "",
    "语言值": "*",
    "字母": "A&B&C&D&E&F&G&H&I&J&K&L&M&N&O&P&Q&R&S&T&U&V&W&X&Y&Z&0-9",
    "字母值": "*",
    "排序": "时间&人气&评分",
    "排序值": "time&hits&score"
}