{
    "作者": "",
    "站名": "",
    "请求头": "User-Agent$MOBILE_UA",
    "编码": "UTF-8",
    "图片代理": "0",
    "主页url": "https://ibaopian.pro",
    "首页": "120",
    "起始页": "1",
    "分类url": "https://ibaopian.pro/vod/show/area/{area}/by/{by}/class/{class}/id/{cateId}/lang/{lang}/letter/{letter}/page/{catePg}/year/{year}/;;mrcd0",
    "分类": "电影&剧集&综艺&动漫&短剧",
    "分类值": "1&2&3&4&8",
    "二次截取": "",
    "数组": "/detail/id&&</a>",
    "标题": "title=\"&&\"",
    "图片": "data-original=\"&&\"",
    "副标题": "module-item-note\">&&<",
    "链接": "/vod/detail/id/+/&&\"",
    "影片年代": "year/*>&&</a>",
    "影片地区": "area/*>&&</div>",
    "影片类型": "class/*>&&</div>",
    "状态": "集数：&&</div>",
    "导演": "导演：&&</li>",
    "主演": "主演：&&</li>",
    "简介": "👶+<p>&&</p>",
    "线路二次截取": "",
    "线路数组": "module-tab-item tab-item&&/small>",
    "线路标题": "👶+>&&</span>+【共+<small>&&<+集】",
    "播放二次截取": "",
    "播放数组": "module-play-list\">&&</div>",
    "播放列表": "<a&&/a>",
    "播放标题": ">&&</span",
    "播放链接": "href=\"&&\"",
    "解析": "",
    "直接播放": "0",
    "播放请求头": "",
    "嗅探词": ".mp4#.m3u8",
    "过滤词": "",
    "跳转播放链接": "Base64(var player_*url\":\"&&\")",
    "跳转解析": "",
    "搜索请求头": "User-Agent$MOBILE_UA",
    "搜索url": "https://ibaopian.pro/vod/search/page/{pg}/wd/{wd}/",
    "搜索模式": "1",
    "搜索后缀": "",
    "搜索二次截取": "",
    "搜索数组": "module-item-cover\">&&</strong>",
    "搜索标题": "alt=\"&&\"",
    "搜索图片": "data-original=\"&&\"",
    "搜索副标题": "module-item-note\">&&<",
    "搜索链接": "href=\"&&\"",
    "筛选": "1",
    "类型": "",
    "剧情": "",
    "剧情值": "*",
    "地区": "",
    "地区值": "*",
    "年份": "",
    "年份值": "*",
    "语言": "",
    "语言值": "*",
    "字母": "A&B&C&D&E&F&G&H&I&J&K&L&M&N&O&P&Q&R&S&T&U&V&W&X&Y&Z&0-9",
    "字母值": "*",
    "排序": "时间&人气&评分",
    "排序值": "time&hits&score"
}