{
    "作者": "",
    "站名": "",
    "请求头": "User-Agent$MOBILE_UA",
    "编码": "UTF-8",
    "图片代理": "0",
    "主页url": "https://259go.com",
    "首页": "120",
    "起始页": "1",
    "分类url": "https://vip.259go.com/show/{cateId}-{area}-{by}------{catePg}---.html;;mrcd0",
    "分类": "电影&剧集&综艺&动漫&短剧",
    "分类值": "1&2&3&4&30",
    "二次截取": "",
    "数组": "link\"&&</a>",
    "标题": "title=\"&&\"",
    "图片": "data-src=\"&&\"",
    "副标题": "tag1\">&&</div",
    "链接": "href=\"&&\"[替换:weihu>>huishou#.html>>-1-1.html]",
    "影片年代": "年份：&&</div>",
    "影片地区": "地区：&&</div>",
    "影片类型": "类型：&&</li>",
    "状态": "资源：&&</div>",
    "导演": "导演：&&</div>",
    "主演": "演员：&&</div>",
    "简介": "👶请不要相信视频中任何广告！！！+description\" content=\"&&\">",
    "线路二次截取": "dom-source\">&&</div",
    "线路数组": "<span&&/span>",
    "线路标题": "👶推荐线路+>&&<",
    "播放二次截取": "",
    "播放数组": "class=\"list&&</div>",
    "播放列表": "<a&&/a>",
    "播放标题": "</em>&&<",
    "播放链接": "href=\"&&\"",
    "跳转数组": "movie-poster&&</a>",
    "跳转链接": "href=\"&&\"",
    "解析": "",
    "直接播放": "0",
    "播放请求头": "",
    "嗅探词": ".mp4#.m3u8",
    "过滤词": "",
    "跳转播放链接": "var player_*url\":\"&&\"",
    "跳转解析": "",
    "搜索请求头": "User-Agent$MOBILE_UA",
    "搜索url": "https://m.259go.com/zixun/id.html?wd={wd}",
    "搜索模式": "1",
    "搜索后缀": "",
    "搜索二次截取": "",
    "筛选": "1",
    "类型": "动作片$7#喜剧片$8#爱情片$9#科幻片$10#恐怖片$11#剧情片$12#纪录片$29#战争片$13#伦理片$36||国产剧$14#香港剧$15#台湾剧$16#韩国剧$17#日本剧$18#泰国剧$31#欧美剧$19#海外剧$20||大陆综艺$21#日韩综艺$22#港台综艺$23#欧美综艺$24||国产动漫$25#日韩动漫$26#欧美动漫$27#海外动漫$28||空",
    "剧情": "",
    "地区值": "*",
    "年份": "",
    "年份值": "*",
    "语言": "",
    "语言值": "*",
    "字母": "A&B&C&D&E&F&G&H&I&J&K&L&M&N&O&P&Q&R&S&T&U&V&W&X&Y&Z&0-9",
    "字母值": "*",
    "排序": "时间&人气&评分",
    "排序值": "time&hits&score"
}