{
    "作者": "",
    "站名": "",
    "请求头": "User-Agent$MOBILE_UA",
    "编码": "UTF-8",
    "图片代理": "0",
    "主页url": "http://m.edt360.com",
    "首页": "120",
    "起始页": "1",
    "分类url": "http://m.edt360.com/index.php?s=home-vod-type-id-{cateId}-mcid-{class}-area-{area}-year-{year}-letter-{letter}-order-{by}-picm-1-p-{catePg};;mrcd1",
    "分类": "电影&剧集&综艺&动漫",
    "分类值": "1&2&4&3",
    "二次截取": "",
    "数组": "video-pic loading\"&&</li>",
    "标题": "title=\"&&\"",
    "图片": "data-original=\"&&\"",
    "副标题": "text-bg-r\">&&<",
    "链接": "href=\"&&\"",
    "影片年代": "年代：&&</li>",
    "影片地区": "地区：&&</li>",
    "影片类型": "类型：&&</li>",
    "状态": "状态：&&</li>",
    "导演": "导演：&&</li>",
    "主演": "主演：&&</li>",
    "简介": "👶+content-all collapse\">&&</span>",
    "线路二次截取": "",
    "线路数组": "#con_playlist&&</a>",
    "线路标题": "👶+tab\">&&<",
    "播放二次截取": "",
    "播放数组": "id=\"con_playlist&&</ul>",
    "播放列表": "<a&&/a>",
    "播放标题": ">&&<",
    "播放链接": "href=\"&&\"",
    "解析": "",
    "直接播放": "0",
    "播放请求头": "",
    "嗅探词": ".mp4#.m3u8",
    "过滤词": "",
    "跳转播放链接": "var zanpiancms_player =*url\":\"&&\"",
    "跳转解析": "var zanpiancms_player =*apiurl\":\"&&\"",
    "搜索请求头": "User-Agent$MOBILE_UA",
    "搜索url": "http://m.edt360.com/index.php?s=home-search-index-wd-{wd}-p-{pg}",
    "搜索模式": "1",
    "搜索后缀": "",
    "搜索二次截取": "",
    "搜索数组": "pic loading\"&&</li>",
    "搜索标题": "title=\"&&\"",
    "搜索图片": "data-original=\"&&\"",
    "搜索副标题": "hidden-lg\">&&<",
    "搜索链接": "href=\"&&\"",
    "筛选": "1",
    "类型": "动作片$25#喜剧片$26#爱情片$27#科幻片$28#恐怖片$29#战争片$30#剧情片$31#纪录片$32#动画片$33||国产剧$17#香港剧$18#欧美剧$19#日本剧$20#海外剧$21#台湾剧$22#韩国剧$23#泰国剧$24||空||空",
    "剧情": "惊悚$6#悬疑$1#魔幻$13#言情$10#罪案$2#冒险$9#灾难$14#古装$15#青春$5#歌舞$16#励志$12#文艺$3#生活$4#动画$7#原声$43#历史$8#谍战$33#穿越$35#军旅$24#家庭$27#预告$26#益智$25#偶像$28#犯罪$22#搞笑$30#热血$31#经典$32#童话$37#刑侦$38#推理$41#音乐$39||农村$102#喜剧$64#偶像$67#古装$65#武侠$66#神话$70#穿越$71#刑侦$61#商战$77#战争$62#军旅$63#谍战$68#年代$104#职场$89#校园$75#动画$90#言情$57#科幻$73#热血$84#剧情$101#青春$81#悬疑$72#惊悚$79#犯罪$80#恐怖$93#冒险$78#励志$85#罪案$82#歌舞$92#少女$74#动漫$83||真人秀$179#脱口秀$176#选秀$182#情感$175#访谈$180#美食$181#旅游$186#财经$185#军事$194#职场$187#音乐$178#时尚$177#娱乐$172#体育$200#生活$188#社会$189#新闻$190#看点$195#故事$197#少儿$196#人物$193#文化$192#游戏$184#历史$191#益智$183#歌舞$198#晚会$174#纪实$199#青春$206#经典$204#文艺$203||冒险$129#热血$127#搞笑$130#少女$125#恋爱$148#魔幻$126#推理$128#神魔$146#竞技$133#游戏$149#益智$131#机战$151#宠物$153#格斗$155#魔法$156#亲子$150#励志$141#青春$138#都市$137#惊悚$143#经典$132#童话$134#真人$154#校园$152#文艺$139#生活$140#古装$142#科幻$144#动画$136#剧情$147#犯罪$159",
    "剧情值": "*",
    "地区": "",
    "地区值": "*",
    "年份": "",
    "年份值": "*",
    "语言": "",
    "语言值": "*",
    "字母": "A&B&C&D&E&F&G&H&I&J&K&L&M&N&O&P&Q&R&S&T&U&V&W&X&Y&Z&0-9",
    "字母值": "*",
    "排序": "时间&人气&评分",
    "排序值": "addtime&hits&gold"
}