{
    "作者": "",
    "站名": "",
    "请求头": "User-Agent$MOBILE_UA",
    "编码": "UTF-8",
    "图片代理": "0",
    "主页url": "https://wetv.club",
    "首页": "120",
    "起始页": "1",
    "分类url": "https://wetv.club/vodshow/{cateId}-{area}-{by}-{class}-{lang}-{letter}---{catePg}---{year}/;;mrcd0",
    "分类": "电影&剧集&综艺&动漫&自制短剧&音乐",
    "分类值": "1&2&3&4&90&100",
    "二次截取": "movie-list-body flex\">&&id=\"page",
    "数组": "tabindex\"&&</a>",
    "标题": "title=\"&&\"",
    "图片": "data-original=\"&&\"",
    "副标题": "rating cor4\">&&<",
    "链接": "href=\"&&\"",
    "影片年代": "",
    "影片地区": "",
    "影片类型": "scroll-content\">&&</div>",
    "状态": "状态：&&</p>",
    "导演": "导演：&&</p>",
    "主演": "主演：&&</p>",
    "简介": "👶+detailsTxt\">&&</div>",
    "线路二次截取": "",
    "线路数组": "swiper-wrapper\">&&</div>",
    "线路标题": "👶+>&&</a>",
    "播放二次截取": "",
    "播放数组": "class=\"content_playlist&&</ul>",
    "播放列表": "<a&&/a>",
    "播放标题": ">&&<",
    "播放链接": "href=\"&&\"",
    "解析": "",
    "直接播放": "0",
    "播放请求头": "User-Agent@Mozilla/5.0 (Linux；； Android 12；； RMX3370 Build/RKQ1.211103.002；； wv) AppleWebKit/537.36 (KHTML, like Gecko) Version/4.0 Chrome/136.0.7103.60 Mobile Safari/537.36&&Cookie@_ga=GA1.1.1891196230.1759668216；； PHPSESSID=c8h39rj7753nj3u19tghq0qbh5；； mac_history=%7Blog%3A%5B%7B%22name%22%3A%22%5BMV%E8%A6%96%E9%A0%BB%E5%B0%88%E9%A1%8C%5D%E6%B5%81%E8%91%97%E6%B7%9A%E5%AF%AB%E5%8F%A5%E8%99%9F%22%2C%22link%22%3A%22https%3A%2F%2Fwetv.club%2Fvodplay%2F192236-1-1%2F%22%2C%22mid%22%3A%221%22%7D%2C%7B%22name%22%3A%22%5B%E5%9B%BD%E4%BA%A7%E5%89%A7%5D%E7%BA%A2%E6%A5%BC%E6%A2%A6%22%2C%22link%22%3A%22https%3A%2F%2Fwetv.club%2Fvodplay%2F192250-1-1%2F%22%2C%22mid%22%3A%221%22%7D%2C%7B%22name%22%3A%22%5B%E7%B6%93%E5%85%B8%E9%87%91%E6%9B%B2%5D%E7%B6%93%E5%85%B8%E8%8F%AF%E8%AA%9E%E6%83%85%E6%AD%8C%E7%B2%BE%E9%81%B8%22%2C%22link%22%3A%22https%3A%2F%2Fwetv.club%2Fvodplay%2F152478-1-1%2F%22%2C%22mid%22%3A%221%22%7D%2C%7B%22name%22%3A%22%5B%E9%80%86%E8%A2%AD%5D%E6%88%91%E7%9A%84%E8%8D%92%E5%B3%B6%E7%94%9F%E6%B4%BB%E4%B8%8D%E5%A4%AA%E5%B0%8D%E5%8B%81%22%2C%22link%22%3A%22https%3A%2F%2Fwetv.club%2Fvodplay%2F190610-1-1%2F%22%2C%22mid%22%3A%221%22%7D%5D%7D；； _ga_XQPR5Z9ZL4=GS2.1.s1760873667$o2$g1$t1760876071$j45$l0$h0&&Accept@text/html,application/xhtml+xml,application/xml；；q=0.9,image/avif,image/webp,image/apng,*/*；；q=0.8,application/signed-exchange；；v=b3；；q=0.7&&Accept-Language@zh-CN,zh；；q=0.9",
    "嗅探词": ".mp4#.m3u8",
    "过滤词": "",
    "跳转播放链接": "var player_*url\":\"&&\"",
    "跳转解析": "",
    "搜索请求头": "User-Agent$MOBILE_UA",
    "搜索url": "https://wetv.club/vodsearch/{wd}----------{pg}---/",
    "搜索模式": "1",
    "搜索后缀": "",
    "搜索二次截取": "",
    "搜索数组": "/voddetail&&class=\"meta txtHide",
    "搜索标题": "title=\"&&\"",
    "搜索图片": "data-original=\"&&\"",
    "搜索副标题": "rating cor4\">&&<",
    "搜索链接": "/voddetail/+/&&\"",
    "筛选": "1",
    "类型": "动作片$6#喜剧片$7#爱情片$8#科幻片$9#剧情片$10#悬疑片$11#惊悚片$12#恐怖片$20#犯罪片$21#冒险片$22#奇幻片$23#灾难片$24#战争片$25#动画电影片$26#网络电影片$27#歌舞片$87#同性片$28#经典片$69#其他片$29||国产剧$5#港台剧$14#日韩剧$30#欧美剧$31#新马泰剧$33#其它剧$34#短剧$71#古装短剧$72#其他电视剧$74||大陆综艺$41#日韩综艺$42#港台综艺$44#欧美综艺$45#新马泰综艺$46#其它综艺$47||国产动漫$35#日韩动漫$36#港台动漫$38#欧美动漫$39#其它动漫$40||奇幻$91#逆袭$92#重生$93#古装$94#穿越$95#爱情$96#亲情$97#都市$98||神曲$101#演唱会$102#经典金曲$103#MV视频专题$105",
    "剧情": "",
    "剧情值": "*",
    "地区": "",
    "地区值": "*",
    "年份": "",
    "年份值": "*",
    "语言": "",
    "语言值": "*",
    "字母": "A&B&C&D&E&F&G&H&I&J&K&L&M&N&O&P&Q&R&S&T&U&V&W&X&Y&Z&0-9",
    "字母值": "*",
    "排序": "时间&人气&评分",
    "排序值": "time&hits&score"
}