{
    "作者": "",
    "站名": "",
    "请求头": "User-Agent$MOBILE_UA",
    "编码": "UTF-8",
    "图片代理": "0",
    "主页url": "http://51jindy.com",
    "首页": "120",
    "起始页": "1",
    "分类url": "/vodshow/{cateId}-{area}-{by}-{class}-{lang}-{letter}---{catePg}---{year}.html;;mrcd0",
    "分类": "电影&剧集&综艺&动漫",
    "分类值": "2&3&4&5",
    "二次截取": "",
    "数组": "img-shadow\"&&</a>",
    "标题": "title=\"&&\"",
    "图片": "src=\"&&\"",
    "副标题": "text-right\">&&<",
    "链接": "href=\"&&\"",
    "影片年代": "年份：&&</p>",
    "影片地区": "地区：&&</p>",
    "影片类型": "类型：&&</p>",
    "状态": "状态：&&</p>",
    "导演": "导演：&&</p>",
    "主演": "主演：&&</p>",
    "简介": "👶+detail-content\"*>&&</span>",
    "线路二次截取": "",
    "线路数组": "bottom-line active&&</div>",
    "线路标题": "👶+title\">&&<",
    "播放二次截取": "",
    "播放数组": "<ul class=\"stui-content__playlist&&</ul>",
    "播放列表": "<a&&/a>",
    "播放标题": ">&&<",
    "播放链接": "href='&&'",
    "解析": "",
    "直接播放": "0",
    "播放请求头": "",
    "嗅探词": ".mp4#.m3u8",
    "过滤词": "",
    "跳转播放链接": "var player_*url\":\"&&\"",
    "跳转解析": "",
    "搜索请求头": "User-Agent$MOBILE_UA",
    "搜索url": "http://51jindy.com/vodsearch/{wd}----------{pg}---.html",
    "搜索模式": "1",
    "搜索后缀": "",
    "搜索二次截取": "",
    "搜索数组": "lazyload\"&&</a>",
    "搜索标题": "title=\"&&\"",
    "搜索图片": "src=\"&&\"",
    "搜索副标题": "text-right\">&&<",
    "搜索链接": "href=\"&&\"",
    "筛选": "1",
    "类型": "网络电影$9#动作片$10#喜剧片$11#爱情片$12#科幻片$13#恐怖片$14#剧情片$15#战争片$16#纪录片$17#悬疑片$18#犯罪片$19#奇幻片$20#冒险片$21#惊悚片$22#歌舞片$23#灾难片$24#其它片$64||空||空||空",
    "剧情": "",
    "剧情值": "*",
    "地区": "",
    "地区值": "*",
    "年份": "",
    "年份值": "*",
    "语言": "",
    "语言值": "*",
    "字母": "A&B&C&D&E&F&G&H&I&J&K&L&M&N&O&P&Q&R&S&T&U&V&W&X&Y&Z&0-9",
    "字母值": "*",
    "排序": "时间&人气&评分",
    "排序值": "time&hits&score"
}