{
    "作者": "",
    "站名": "",
    "请求头": "User-Agent$MOBILE_UA",
    "编码": "UTF-8",
    "图片代理": "0",
    "主页url": "https://mianfeidy.cc/isy/5.html",
    "首页": "120",
    "起始页": "1",
    "分类url": "https://mianfeidy.cc/isy/{cateId}-{catePg}.html;;mrcd0",
    "分类": "电影$27#剧集$2#综艺$3#动漫$4#动作片$5#喜剧片$6#爱情片$7#科幻片$8#恐怖片$9#战争片$10#剧情片$11#纪录片$12#动画片$13#网络电影$14#福利片$28#解说$29#国产剧$16#网络剧$17#台剧$18#日剧$19#韩剧$20#港剧$21#泰剧$22#英剧$23#美剧$24#海外剧$25",
    "二次截取": "",
    "数组": "<li>&&</li>",
    "标题": "title=\"&&\"",
    "图片": "src=\"&&\"",
    "副标题": "",
    "链接": "href=\"&&\"",
    "影片年代": "年份：&&</p>",
    "影片地区": "地区：&&</p>",
    "影片类型": "类型：&&</p>",
    "状态": "更新：&&</div>",
    "导演": "导演：&&</div>",
    "主演": "主演：&&</div>",
    "简介": "👶+简介：&&</p>",
    "线路二次截取": "",
    "线路数组": "<h5&&/h5>",
    "线路标题": "👶+>&&<",
    "播放二次截取": "",
    "播放数组": "playlist\">&&</div>",
    "播放列表": "<a&&/a>",
    "播放标题": ">&&<",
    "播放链接": "href=\"&&\"",
    "解析": "",
    "直接播放": "0",
    "播放请求头": "",
    "嗅探词": ".mp4#.m3u8",
    "过滤词": "",
    "跳转播放链接": "var now=unescape(\"&&\")",
    "跳转解析": "",
    "搜索请求头": "User-Agent$MOBILE_UA",
    "搜索url": "https://mianfeidy.cc/isy/id.html?wd={wd}",
    "搜索模式": "1",
    "搜索后缀": "",
    "搜索二次截取": "",
    "筛选": "1",
    "类型": ""
}