{
    "作者": "",
    "站名": "",
    "请求头": "User-Agent$MOBILE_UA",
    "编码": "UTF-8",
    "图片代理": "0",
    "主页url": "https://mxvod.com",
    "首页": "120",
    "起始页": "1",
    "分类url": "/vodshow/duanju-{area}-{by}-{cateId}-{lang}-{letter}---{catePg}---{year}.html;;mrcd0",
    "分类": "剧情&古装&虐恋&逆袭&神豪&重生&复仇&穿越&甜宠&强者&萌宝&其它",
    "分类值": "*",
    "二次截取": "module-list\">&&id=\"page[替换:module-footer>>module-item-cover]",
    "数组": "module-item-pic\">&&module-item-cover",
    "标题": "title=\"&&\"",
    "图片": "data-src=\"&&\"",
    "副标题": "video-class\">&&<",
    "链接": "href=\"&&\"",
    "影片年代": "年份：&&</a>",
    "影片地区": "地区：&&</li>",
    "影片类型": "video-info-aux\">&&class=\"video-player-handle",
    "状态": "状态：&&</li>",
    "导演": "导演：&&</li>",
    "主演": "-*------------.html\" target=\"_blank\">&&</div>",
    "简介": "👶+txtone container\">&&class=\"video-info-aux",
    "线路二次截取": "",
    "线路数组": "module-tab-item tab-item&&/small>",
    "线路标题": "👶+>&&</span>+【共+<small>&&<+集】",
    "播放二次截取": "",
    "播放数组": "module-blocklist\">&&</div>",
    "播放列表": "<a&&/a>",
    "播放标题": ">&&</span",
    "播放链接": "href=\"&&\"",
    "解析": "",
    "直接播放": "0",
    "播放请求头": "",
    "嗅探词": ".mp4#.m3u8",
    "过滤词": "",
    "跳转播放链接": "var player_*url\":\"&&\"",
    "跳转解析": "",
    "搜索请求头": "User-Agent$MOBILE_UA",
    "搜索url": "https://mxvod.com/vodsearch/{wd}----------{pg}---.html",
    "搜索模式": "1",
    "搜索后缀": "",
    "搜索二次截取": "",
    "搜索数组": "module-item-pic\">&&</h3>",
    "搜索标题": "title=\"&&\"",
    "搜索图片": "data-original=\"&&\"",
    "搜索副标题": "video-serial\"*>&&</a",
    "搜索链接": "href=\"&&\"",
    "筛选": "1",
    "类型": "动作片$dongzuopian#喜剧片$xijupian#爱情片$aiqingpian#科幻片$kehuanpian#恐怖片$kongbupian#战争片$zhanzhengpian#剧情片$juqingpian#动画片$donghuapian#悬疑片$xuanyi#纪录片$jilupian#奇幻片$qihuanpian#灾难片$zainanpian||国产剧$guochanju#欧美剧$oumeiju#日剧$riju#韩剧$hanju#港台剧$gangtai#海外剧$haiwai||大陆综艺$daluzongyi#港台综艺$gangtaizongyi#欧美综艺$oumeizongyi#日韩综艺$rihanzongyi#海外综艺$haiwaizongyi||国产动漫$guochandongman#日韩动漫$rihandongman#欧美动漫$oumeidongman#海外动漫$haiwaidongman||空",
    "剧情": "",
    "剧情值": "*",
    "地区": "",
    "地区值": "*",
    "年份": "",
    "年份值": "*",
    "语言": "",
    "语言值": "*",
    "字母": "A&B&C&D&E&F&G&H&I&J&K&L&M&N&O&P&Q&R&S&T&U&V&W&X&Y&Z&0-9",
    "字母值": "*",
    "排序": "时间&人气&评分",
    "排序值": "time&hits&score"
}