{
    "作者": "",
    "站名": "",
    "请求头": "User-Agent$MOBILE_UA",
    "编码": "UTF-8",
    "图片代理": "0",
    "主页url": "https://m.ihaohaoyun.com",
    "首页": "120",
    "起始页": "1",
    "分类url": "https://m.ihaohaoyun.com/j/{cateId}/p{catePg}.html;;mrcd0",
    "分类": "电影&剧集&综艺&动漫&短剧&故事",
    "分类值": "37&48&58&64&71&211",
    "二次截取": "class=\"tuwen\">&&class=\"page",
    "数组": "<li&&/li>",
    "标题": "html\">&&</a",
    "图片": "data-original=\"&&\"",
    "副标题": "<span>&&<",
    "链接": "href=\"&&\"",
    "影片年代": "年代：&&</li>",
    "影片地区": "地区：&&</li>",
    "影片类型": "类型：&&</li>",
    "状态": "时间：&&</div>",
    "导演": "导演：&&</li>",
    "主演": "主演：&&</li>",
    "简介": "👶+剧情介绍&&</span>",
    "线路二次截取": "",
    "线路数组": "<b class=\"&&</div>",
    "线路标题": "👶+>&&</b>",
    "播放二次截取": "",
    "播放数组": "bofang\">&&</div>",
    "播放列表": "<a&&/a>",
    "播放标题": ">&&<",
    "播放链接": "href=\"&&\"",
    "解析": "",
    "直接播放": "0",
    "播放请求头": "",
    "嗅探词": ".mp4#.m3u8",
    "过滤词": "",
    "跳转播放链接": "url:'&&'",
    "跳转解析": "",
    "搜索请求头": "User-Agent$MOBILE_UA",
    "搜索url": "https://m.ihaohaoyun.com/j/id.html?wd={wd}",
    "搜索模式": "1",
    "搜索后缀": "",
    "搜索二次截取": "",
    "搜索数组": "",
    "搜索标题": "",
    "搜索图片": "",
    "搜索副标题": "",
    "搜索链接": "",
    "筛选": "1",
    "类型": "全部$37#动作片$38#喜剧片$39#爱情片$40#科幻片$41#剧情片$42#恐怖片$43#战争片$44#动漫电影$45#纪录片$46#邵氏电影$47#4K电影$14892#影视解说$70||大陆剧$49#欧美剧$50#港澳剧$51#韩剧$52#日剧$53#台湾剧$54#泰剧$55#台剧$56#海外剧$57||大陆综艺$59#日韩综艺$60#港台综艺$61#欧美综艺$62#演唱会$63||国产动漫$65#日韩动漫$66#欧美动漫$67#港台动漫$68#海外动漫$69||有声动漫$72#女频恋爱$73#反转爽剧$74#古装仙侠$75#年代穿越$76#脑洞悬疑$77#现代都市$78||港台故事$212#韩国故事$213#西方故事$214#日本故事$215#故事课堂$216#舞蹈$217",
    "剧情": "",
    "剧情值": "*",
    "地区": "",
    "地区值": "*",
    "年份": "",
    "年份值": "*",
    "语言": "",
    "语言值": "*",
    "字母": "A&B&C&D&E&F&G&H&I&J&K&L&M&N&O&P&Q&R&S&T&U&V&W&X&Y&Z&0-9",
    "字母值": "*",
    "排序": "时间&人气&评分",
    "排序值": "time&hits&score"
}