{
    "作者": "🐰兔爷🐇",
    "站名": "路飞影视",
    "编码": "UTF-8",
    "请求头": "User-Agent@Mozilla/5.0 (Linux；； Android 12；； RMX3370 Build/RKQ1.211103.002；； wv) AppleWebKit/537.36 (KHTML, like Gecko) Version/4.0 Chrome/136.0.7103.60 Mobile Safari/537.36&&Cookie@PHPSESSID=quf16aivu2s5p477opru3b6g6j；； ecPopup=1；； Hm_tf_vnxnwo7c1mn=1757487536；； Hm_lvt_vnxnwo7c1mn=1757487536；； Hm_lpvt_vnxnwo7c1mn=1757487839&&Accept@text/html,application/xhtml+xml,application/xml；；q=0.9,image/avif,image/webp,image/apng,*/*；；q=0.8,application/signed-exchange；；v=b3；；q=0.7&&Accept-Language@zh-CN,zh；；q=0.9",
    "主页url": "https://www.xinck.com",
    "首页": "200",
    "起始页": "1",
    "分类url": "/index.php/api/vod;post;type={cateId}&page={catePg}&time=时间戳&key=md5(DS时间戳DCC147D11943AF75)&area={area}&class={class}&by={by}&lang={lang}&letter={letter}&year={year};;mrcRA",
    "分类": "电影$1#电视剧$2#综艺$3#动漫$4#短剧$39",
    "数组": "默认--list||首页--public-list-exp&&</a",
    "图片": "默认--vod_pic||首页--data-src=\"&&\"",
    "标题": "默认--vod_name||首页--title=\"&&\"",
    "副标题": "默认--vod_remarks||首页--ft2\">&&<",
    "链接": "默认--'/watch/'+vod_id+'.html'||首页--href=\"&&\"",
    "影片年代": "年份：</em>&&</li",
    "影片地区": "地区：</em>&&</li",
    "影片类型": "类型：</em>&&</li",
    "状态": "状态：</em>&&</li",
    "导演": "导演：</em>&&</li",
    "主演": "主演：</em>&&</li",
    "简介": "请不要相信任何广告！！！祝您观影愉快！🐰兔爷🐇为您介绍剧情👉-+简介：</em>&&</li",
    "线路数组": "<a class=\"swiper-slide&&/a>",
    "线路标题": "</i>&&<+badge\">&&<",
    "播放数组": "anthology-list-play&&</ul",
    "播放列表": "<a&&/a",
    "播放标题": ">&&<",
    "播放链接": "href=\"&&\"",
    "跳转播放链接": "var player_*\"url\":\"&&\"",
    "搜索url": "/search/page/{pg}/wd/{wd}.html",
    "搜索模式": "1",
    "搜索数组": "public-list-exp&&</a",
    "搜索图片": "data-src=\"&&\"",
    "搜索标题": "alt=\"&&封面图",
    "搜索副标题": "ft2\">&&<",
    "搜索链接": "href=\"&&\"",
    "筛选": "1",
    "类型": "喜剧片$9#恐怖片$11#动作片$7#剧情片$6#爱情片$20#科幻片$21#动画片$22#战争片$23||国产剧$13#欧美剧$14#日本剧$15#韩国剧$16#海外剧$24||大陆综艺$25#欧美综艺$26#日韩综艺$27||国产动漫$28#日韩动漫$29#欧美动漫$30#海外动漫$31||神豪短剧$44#重生短剧$45#复仇短剧$46#穿越短剧$47",
    "剧情": "喜剧&爱情&恐怖&动作&科幻&剧情&战争&警匪&犯罪&动画&奇幻&武侠&冒险&枪战&悬疑&惊悚&经典&古装||国产&韩剧&欧美&日本&海外||大陆&日韩&欧美&港台||国产&日韩&欧美&海外||短剧&穿越&古装&女频&反转&反转爽&现代&都市&剧情&重生&玄幻&强者&神豪&复仇&脑洞&悬疑&逆袭&虐恋&萌宝&言情&战神&神医&赘婿&甜宠&古装仙侠&年代穿越&脑洞悬疑&现代都市&霸总&异能&热血&灵异&豪门&爱情&喜剧&古风&校园&虐恋&逆袭&神豪&总裁&女恋&闪婚&离婚&古代言情&超能",
    "剧情值": "*",
    "地区": "大陆&香港&台湾&美国&法国&英国&日本&韩国&德国&泰国&印度&意大利&西班牙&加拿大&其他||大陆&香港&台湾&美国&法国&英国&日本&韩国&德国&泰国&印度&意大利&西班牙&加拿大&其他||内地&港台&日韩&欧美||国产&日本&欧美&其他||空",
    "地区值": "*",
    "语言": "国语&英语&粤语&闽南语&韩语&日语&法语&德语&其它||国语&英语&粤语&闽南语&韩语&日语&法语&德语&其他||国语&英语&粤语&闽南语&韩语&日语&其它||国语&英语&粤语&闽南语&韩语&日语&其他||空",
    "语言值": "*"
}