{
    "作者": "",
    "站名": "",
    "请求头": "User-Agent$MOBILE_UA",
    "编码": "UTF-8",
    "图片代理": "0",
    "主页url": "https://www.movies108.top",
    "首页": "120",
    "起始页": "1",
    "分类url": "https://www.movies108.top/vodlist/{cateId}_{catePg}.html;;mrcd0",
    "分类": "电影&剧集&综艺&动漫",
    "分类值": "2&3&4&5",
    "二次截取": "",
    "数组": "vodlist__box\">&&</li>",
    "标题": "title=\"&&\"",
    "图片": "data-original=\"&&\"",
    "副标题": "title=\"*>&&</a",
    "链接": "href=\"&&\"",
    "影片年代": "年份：&&</p>",
    "影片地区": "地区：&&</p>",
    "影片类型": "剧情：&&</p>",
    "状态": "更新：&&</p>",
    "导演": "导演：&&</p>",
    "主演": "主演：&&</p>",
    "简介": "👶+<p class=\"col-pd\">&&<br>",
    "线路二次截取": "",
    "线路数组": "btn btn-primary&&/a>",
    "线路标题": "👶+>&&<",
    "播放二次截取": "",
    "播放数组": "class=\"ewave-content__playlist&&</ul>",
    "播放列表": "<a&&/a>",
    "播放标题": ">&&<",
    "播放链接": "href=\"&&\"",
    "解析": "",
    "直接播放": "0",
    "播放请求头": "",
    "嗅探词": ".mp4#.m3u8",
    "过滤词": "",
    "跳转播放链接": "var player_*url\":\"&&\"",
    "跳转解析": "",
    "搜索请求头": "User-Agent$MOBILE_UA",
    "搜索url": "https://www.movies108.top/modules/article/search.php?searchkey={wd}&page={pg}",
    "搜索模式": "1",
    "搜索后缀": "",
    "搜索二次截取": "",
    "搜索数组": "lazyload\"&&</a>",
    "搜索标题": "title=\"&&\"",
    "搜索图片": "data-original=\"&&\"",
    "搜索副标题": "text-right\">&&<",
    "搜索链接": "href=\"&&\"",
    "筛选": "1",
    "类型": "",
    "剧情": "",
    "剧情值": "*",
    "地区": "",
    "地区值": "*",
    "年份": "",
    "年份值": "*",
    "语言": "",
    "语言值": "*",
    "字母": "A&B&C&D&E&F&G&H&I&J&K&L&M&N&O&P&Q&R&S&T&U&V&W&X&Y&Z&0-9",
    "字母值": "*",
    "排序": "时间&人气&评分",
    "排序值": "time&hits&score"
}