{
    "作者": "年少轻狂",
    "站名": "",
    "请求头": "User-Agent$MOBILE_UA",
    "编码": "UTF-8",
    "图片代理": "0",
    "主页url": "https://www.zeyuhb.com",
    "首页": "120",
    "起始页": "1",
    "分类url": "https://www.zeyuhb.com/vod/zb-type/{cateId}/area/{area}/class/{class}/page/{catePg}/year/{year}.html;;mrcd0",
    "分类": "电影&剧集&综艺&动漫&短剧",
    "分类值": "dianying&dianshiju&zongyi&dongman&duanju",
    "二次截取": "",
    "数组": "<li>&&</li>",
    "标题": "name\">*>&&</a",
    "图片": "src=\"&&\"",
    "副标题": "rgba1\">&&<",
    "链接": "href=\"&&\"",
    "影片年代": "年代：&&</dd>",
    "影片地区": "地区：&&</dd>",
    "影片类型": "扩展：&&</dd>",
    "状态": "备注：&&</dd>",
    "导演": "导演：&&</dd>",
    "主演": "主演：&&</dd>",
    "简介": "👶+剧情：&&</dd>",
    "线路二次截取": "",
    "线路数组": "ptit clearfix\">&&</div>",
    "线路标题": "👶+</i><b>&&<",
    "播放二次截取": "",
    "播放数组": "<ul class=\"clearfix&&</ul>",
    "播放列表": "<a&&/a>",
    "播放标题": ">&&<",
    "播放链接": "href=\"&&\"",
    "解析": "",
    "直接播放": "0",
    "播放请求头": "",
    "嗅探词": ".mp4#.m3u8",
    "过滤词": "",
    "跳转播放链接": "var player_*url\":\"&&\"",
    "跳转解析": "",
    "搜索请求头": "User-Agent$MOBILE_UA",
    "搜索url": "https://www.zeyuhb.com/vodsearch/{wd}----------{pg}---.html",
    "搜索模式": "1",
    "搜索后缀": "",
    "搜索二次截取": "",
    "搜索数组": "<li>&&</li>",
    "搜索标题": "name\">*>&&</a",
    "搜索图片": "src=\"&&\"",
    "搜索副标题": "备注：&&</p",
    "搜索链接": "href=\"&&\"",
    "筛选": "1",
    "类型": "福利片$fulipian#动作片$dongzuopian#喜剧片$xijupian#爱情片$aiqingpian#科幻片$kehuanpian#恐怖片$kongbupian#剧情片$juqingpian#战争片$zhanzhengpian#动画片$donghuapian#纪录片$jilupian||国产剧$guochanju#香港剧$xianggangju#台湾剧$taiwanju#欧美剧$oumeiju#日本剧$ribenju#韩国剧$hanguoju#马泰剧$mataiju||空||中国动漫$zhongguodongman#日本动漫$ribendongman#欧美动漫$oumeidongman||空",
    "剧情": "",
    "剧情值": "*",
    "地区": "",
    "地区值": "*",
    "年份": "",
    "年份值": "*",
    "语言": "",
    "语言值": "*",
    "字母": "A&B&C&D&E&F&G&H&I&J&K&L&M&N&O&P&Q&R&S&T&U&V&W&X&Y&Z&0-9",
    "字母值": "*",
    "排序": "时间&人气&评分",
    "排序值": "time&hits&score"
}