{
    "作者": "",
    "站名": "",
    "请求头": "User-Agent$MOBILE_UA",
    "编码": "UTF-8",
    "图片代理": "0",
    "主页url": "https://www.xdyy8.com",
    "首页": "120",
    "起始页": "1",
    "分类url": "https://www.xdyy8.com/so-show/{cateId}-{area}-{by}-{class}-{lang}-{letter}---{catePg}---{year}.html;;mrcd0",
    "分类": "电影&剧集&综艺&动漫&短剧",
    "分类值": "1&2&3&4&30",
    "二次截取": "",
    "数组": "lazyload\"&&</a>",
    "标题": "title=\"&&\"",
    "图片": "data-original=\"&&\"",
    "副标题": "text-right\">&&<",
    "链接": "href=\"&&\"",
    "线路二次截取": "",
    "线路数组": "bottom-line active&&</div>",
    "线路标题": "👶+>&&</h3>",
    "播放二次截取": "",
    "播放数组": "stui-content__playlist clearfix\">&&</ul>",
    "播放列表": "<a&&/a>",
    "播放标题": ">&&<",
    "播放链接": "href=\"&&\"",
    "直接播放": "0",
    "播放请求头": "",
    "嗅探词": ".mp4#.m3u8",
    "过滤词": "",
    "跳转播放链接": "var player_*url\":\"&&\"",
    "影片年代": "年份：&&</p>",
    "影片地区": "地区：&&</p>",
    "影片类型": "类型：&&</p>",
    "状态": "更新：&&</p>",
    "导演": "导演：&&</p>",
    "主演": "主演：&&</p>",
    "简介": "👶+detail-content\">&&</p>",
    "跳转解析": "",
    "搜索请求头": "User-Agent$MOBILE_UA",
    "搜索url": "https://www.xdyy8.com/so-show/id-----------.html?wd={wd}",
    "搜索模式": "1",
    "搜索后缀": "",
    "年份值": "*",
    "语言": "",
    "语言值": "*",
    "字母": "A&B&C&D&E&F&G&H&I&J&K&L&M&N&O&P&Q&R&S&T&U&V&W&X&Y&Z&0-9",
    "字母值": "*",
    "排序": "时间&人气&评分",
    "排序值": "time&hits&score"
}