{
    "作者": "",
    "站名": "",
    "请求头": "User-Agent$MOBILE_UA",
    "编码": "UTF-8",
    "图片代理": "0",
    "主页url": "https://www.xmjx.org/",
    "首页": "120",
    "起始页": "1",
    "分类url": "https://www.xmjx.org/yh-{cateId}/{class}_{area}_{year}_{by}_{catePg}.html;;mrcd1",
    "分类": "电影&剧集&综艺&动漫",
    "分类值": "film&television&variety&cg",
    "二次截取": "",
    "数组": "hl-lazy\"&&</a>",
    "标题": "title=\"&&\"",
    "图片": "data-original=\"&&\"",
    "副标题": "remarks\">&&<",
    "链接": "href=\"&&\"",
    "影片年代": "年份：&&</li>",
    "影片地区": "地区：&&</li>",
    "影片类型": "类型：&&</li>",
    "状态": "状态：&&</li>",
    "导演": "导演：&&</li>",
    "主演": "主演：&&</li>",
    "简介": "👶+剧情：&&</li>",
    "线路二次截取": "hl-from-list\">&&</ul",
    "线路数组": "<li&&</li>",
    "线路标题": "👶+>&&</span",
    "播放二次截取": "",
    "播放数组": "<ul class=\"hl-plays-list&&</ul>",
    "播放列表": "<a&&/a>",
    "播放标题": ">&&<",
    "播放链接": "href=\"&&\"",
    "多线数组": "hl-from-list\">&&</li",
    "多线链接": "data-href=\"&&\"",
    "解析": "",
    "直接播放": "0",
    "播放请求头": "",
    "嗅探词": ".mp4#.m3u8",
    "过滤词": "",
    "跳转播放链接": "var cmsPlayer =*data\":\"&&\"",
    "跳转解析": "",
    "搜索请求头": "User-Agent$MOBILE_UA",
    "搜索url": "/index.php/ajax/suggest?mid=1&wd={wd}&page={pg}&limit=30;post;wd={wd}&page={pg}",
    "搜索模式": "1",
    "搜索后缀": "",
    "搜索二次截取": "",
    "搜索数组": "lazyload\"&&</a>",
    "搜索标题": "title=\"&&\"",
    "搜索图片": "data-original=\"&&\"",
    "搜索副标题": "text-right\">&&<",
    "搜索链接": "href=\"&&\"",
    "筛选": "1",
    "类型": "",
    "剧情": "剧情$juqing#喜剧$xiju#动作$dongzuo#爱情$aiqing#惊悚$jingsong#犯罪$fanzui#恐怖$kongbu#悬疑$xuanyi#冒险$maoxian#奇幻$qihuan#科幻$kehuan#动画$donghua#家庭$jiating#战争$zhanzheng#历史$lishi#传记$zhuanji#古装$guzhuang#短片$duanpian#同性$tongxing#音乐$yin yue#情色$qingse#运动$yundong#武侠$wuxia#歌舞$gewuy#儿童$ertong#西部$xibu#伦理$lunli#灾难$zainan#一个$yige#电影$dianying#粤语$yueyu#戏曲$xiqu#故事$gushi#大陆$dalu#讲述$jiangshu#中国$zhongguo#本片$benpian#美女$meinv#写真$xiezhen#香港$xianggang#普通$putong#一名$yiming#影片$yingpian#天姿$tianzi#美国$meiguo#日本$riben#生活$shenghuo#青年$qingnian#发生$fasheng#妻子$qizi#女儿$nuer#父亲$fuxin#自己$ziji#女孩$nuhai#年轻$nianqing#警察$jingcha||剧情$juqing#爱情$aiqing#喜剧$xiju#悬疑$xuanyi#犯罪$fanzui#古装$guzhuang#动作$dongzuo#惊悚$jingsong#奇幻$qihuan#家庭$jiating#科幻$kehuan#历史$lishi#战争$zhanzheng#同性$tongxing#冒险$maoxian#恐怖$kongbu#武侠$wuxia#短片$duanpian#传记$zhuanji#音乐$yinyue#运动$yundong#儿童$ertong#动画$donghua#日本$riben#歌舞$gewu#日剧$riju#西部$xibu#美国$meiguo#美剧$meiju#灾难$zainan#泰国$taiguo#台剧$taiju#情色$qingse#美食$meishi#台湾$taiwan#短剧$duanju#韩国$hanguo#韩剧$hanju#香港$xianggang#中国$zhongguo#搞笑$gaoxiao#经典$jingdian#青春$qingchun#国产$guochan#推理$tuili#大陆$dalu#日劇$riju1#都市$dushi#综艺$zongyi#讲述$jiangshu#丧尸$sangshi#港剧$gangju#网剧$wangju#罪案$zuian#人性$renxing#澳剧$aoju||音乐$yinyue#歌舞$gewu#喜剧$xiju#节目$jiemu#剧情$juqing#爱情$aiqing#运动$yundong#冒险$maoxian#历史$lishi#综艺$zongyi#悬疑$xuanyi#犯罪$fanzui#家庭$jiating#天姿$tianzi#一档$yidang#卫视$weishi#戏曲$xiqu#儿童$ertong#短片$duanpian#惊悚$jingsong#韩国$hanguo#动作$dongzuo#文化$wenhua#明星$mingxing#首档$shoudang#晚会$wanhui#专场$zhuanchang#传记$zhuanji#大赏$dashang#观众$guanzhong#访谈$fangtan#优酷$youku#体验$tiyan#周年$zhounian#娱乐$yule#德云$deyun#战争$zhanzheng#经视$jingshi#艺能$yineng#开心$kaixin#故事$gushi#生活$shenghuo#相声$xiangsheng#刘在$liuzai#爆笑$baoxiao#真好$zhenhao#中国$zhongguo#全新$quanxin#嘉宾$jiabin#挑战$tiaozhan#搞笑$gaoxiao#旅行$lvxing#真实$zhenshi#经典$jingdian#美食$meishi#世界$shijie||动画$donghua#剧情$juqing#喜剧$xiju#奇幻$qihuan#冒险$maoxian#动作$dongzuo#科幻$kehuan#爱情$aiqing#儿童$ertong#短片$duanpian#家庭$jiating#悬疑$xuanyi#运动$yundong#动漫$dongman#古装$guzhuang#惊悚$jingsong#武侠$wuxia#恐怖$kongbu#音乐$yinyue#犯罪$fanzui#战争$zhanzheng#历史$lishi#同性$tongxing#日本$riben#歌舞$gewu#热血$rexue#情色$qingse#搞笑$gaoxiao#玄幻$xuanhuan#恋爱$lianai#巴士$bashi#灾难$zainan#穿越$chuanyue#宝宝$baobao#故事$gushi#后宫$hougong#战斗$zhandou#世界$shijie#人类$renlei#启蒙$qimeng#少年$shaonian#主角$zhujue#国漫$guoman#天姿$tianzi#孩子$haizi#日常$richang#生活$shenghuo#知识$zhishi#西部$xibu#修仙$xiuxian#地球$diqiu#大陆$dalu#朋友$pengyou#校园$xiaoyuan#美男$meinan#美食$meishi#超级$chaoji#都市$dushi#传记$zhuanji",
    "剧情值": "*",
    "地区": "美国$meiguo#中国大陆$zhongguodalu#日本$riben#中国香港$zhongguoxianggang#法国$faguo#英国$yingguo#韩国$hanguo#德国$deguo#加拿大$jianada#意大利$yidali#中国台湾$zhongguotaiwan#西班牙$xibanya#印度$yindu#大陆$dalu#香港$xianggang#澳大利亚$aodaliliya#比利时$bailishi#泰国$taiguo#内地$neidi#俄罗斯$eluosi#瑞典$ruidian#墨西哥$moxige#荷兰$helan#波兰$bolan#丹麦$danmai#瑞士$ruishi#巴西$baxi#爱尔兰$aierlan#阿根廷$agenting#挪威$nuowei#西德$xide#菲律宾$feilubin#奥地利$aodili#新加坡$xinjiapo#苏联$sulian#芬兰$fenlan#匈牙利$xiōngyálì#捷克$jieke#土耳其$tuerqi||中国大陆$zhongguodalu#美国$meiguo#日本$riben#韩国$hanguo#英国$yingguo#中国香港$zhongguoxianggang#泰国$taiguo#中国台湾$zhongguotaiwan#大陆$dalu#加拿大$jianada#法国$faguo#西班牙$xibanya#德国$deguo#澳大利亚$aodaliya#新加坡$xinjiapo#香港$xianggang#意大利$yidali#印度$yindu#墨西哥$moxige#巴西$baxi#内地$neidi#俄罗斯$eluosi#土耳其$tuerqi#瑞典$ruidian#丹麦$danmai#爱尔兰$aierlan#波兰$bolan#挪威$nuowei#新西兰$xinxilan#南非$nanfei#比利时$bailishi#菲律宾$feilubin#马来西亚$malai xiya#台湾$taiwan#中国$zhongguo#以色列$yiselie#荷兰$helan#阿根廷$agenting#哥伦比亚$gelunbiya||中国大陆$zhongguodalu#大陆$dalu#韩国$hanguo#美国$meiguo#英国$yingguo#中国台湾$zhongguotaiwan#内地$neidi#中国香港$zhongguoxianggang#日本$riben#台湾$taiwan#日韩$rihan#香港$xianggang#欧美$oumei#港台$gangtai#加拿大$jiana$#法国$faguo#泰国$taiguo#澳大利亚$aodaliya#巴西$baxi#德国$deguo#新加坡$xinjiapo#西班牙$xibanya#墨西哥$moxige#中国$zhongguo#印度$yindu#俄罗斯$eluosi#意大利$yidali#阿联酋$alianqiu#丹麦$danmai#以色列$yiselie#南非$nanfei#哥伦比亚$gelunbiya#奥地利$aodili#新西兰$xinxilan#波兰$bolan||日本$riben#中国大陆$zhongguo dalu#美国$meiguo#大陆$dalu#国产$guochan#英国$yingguo#法国$faguo#欧美$oumei#加拿大$jiana#内地$neidi#韩国$hanguo#中国香港$zhongguo xianggang#中国$zhongguo#德国$deguo#中国台湾$zhongguo taiwan#西班牙$xibanya#澳大利亚$aodaliya#比利时$bilishi#爱尔兰$ai'erlan#俄罗斯$eluosi#丹麦$danmai#意大利$yidali#台湾$taiwan#波兰$bolan#卢森堡$lusenbao#墨西哥$moxige#芬兰$fenlan#乌克兰$wukelan#挪威$nuowei#其它$qita#捷克斯洛伐克$jiekesiluofake#荷兰$helan#马来西亚$malaiyashiya#匈牙利$xiongyali#南非$nanfei#哥伦比亚$gelunbiya#巴西$baxi",
    "地区值": "*",
    "年份": "",
    "年份值": "*",
    "语言": "",
    "语言值": "*",
    "字母": "A&B&C&D&E&F&G&H&I&J&K&L&M&N&O&P&Q&R&S&T&U&V&W&X&Y&Z&0-9",
    "字母值": "*",
    "排序": "时间&人气&评分",
    "排序值": "time&hits&score"
}