{
    "作者": "",
    "站名": "",
    "请求头": "User-Agent$MOBILE_UA",
    "编码": "UTF-8",
    "图片代理": "0",
    "主页url": "https://www.gouqiysw.com/",
    "首页": "120",
    "起始页": "1",
    "分类url": "https://www.gouqiysw.com/lmy/{cateId}-{catePg}.html;;mrcd0",
    "分类": "动画片$4#打斗片$5#情缘片$6#科幻片$7#惊悚片$8#战争片$9#喜剧片$10#剧情片$11#内地剧$13#港台剧$14#美欧剧$15#日韩剧$16",
    "二次截取": "<ul class=\"lm_liebiao&&</ul",
    "数组": "<li>&&</li>",
    "标题": "<a*>&&</a",
    "图片": "https://api.btstu.cn/sjbz/api.php",
    "副标题": "span>&&<",
    "链接": "href=\"&&\"",
    "影片年代": "上映年份：&&</p",
    "影片地区": "制片地区：&&</p",
    "影片类型": "所属分类：&&</p",
    "状态": "画质集数：&&</p",
    "导演": "制作导演：&&</p",
    "主演": "主要演员：&&</p",
    "简介": "👶+剧情介绍：</p >&&</p",
    "线路二次截取": "",
    "线路数组": "<a&&/a>",
    "线路标题": "👶+枸杞专线",
    "播放二次截取": "",
    "播放数组": "var GvodUrls1 = &&;echoDown[替换:\">>接表题#$>>题接#\\#>>接表表题]",
    "播放列表": "表&&表",
    "播放标题": "题&&题",
    "播放链接": "接&&接",
    "跳转数组": "",
    "跳转链接": "",
    "解析": "",
    "直接播放": "0",
    "播放请求头": "",
    "嗅探词": ".mp4#.m3u8",
    "过滤词": "",
    "跳转播放链接": "var *=\"&&\"",
    "跳转解析": "",
    "搜索请求头": "User-Agent$MOBILE_UA",
    "搜索url": "https://www.gouqiysw.com/lmy/id.html?wd={wd}",
    "搜索模式": "1",
    "搜索后缀": "",
    "搜索二次截取": ""
}