{
    "作者": "乐哥/251015/",
    "站名": "柒月影视",
    "请求头": "Mozilla/5.0 (Linux; Android 14; V2136A Build/UP1A.231005.007; wv) AppleWebKit/537.36 (KHTML, like Gecko) Version/4.0 Chrome/116.0.0.0 Mobile Safari/537.36",
    "编码": "UTF-8",
    "图片代理": "0",
    "直接播放": "0",
    "播放请求头": "User-Agent$MOBILE_UA",
    "主页url": "https://www.ys.mk/",
    "首页": "120",
    "起始页": "1",
    "分类url": "https://www.ys.mk/index.php/ds_api/vod;post;type={cateId}&area={area}&class={class}&by={by}&page={catePg}&year={year}",
    "分类": "电影&电视剧&综艺&动漫&短剧",
    "分类值": "1&2&3&4&5",
    "二次截取": "默认--list\":\\[&&\\]||首页--空",
    "数组": "默认--{&&}||首页--public-list-exp&&</a",
    "标题": "默认--vod_name\":\"&&\"||首页--title=\"&&\"",
    "图片": "默认--vod_pic\":\"&&\"||首页--data-src=\"&&\"",
    "副标题": "默认--vod_remarks\":\"&&\"||首页--public-list-exp&&</a",
    "链接": "默认--https://www.ys.mk/index.php/vod/play/id/+id\":&&,+/sid/1/nid/1.html||首页--href=\"&&\"",
    "影片年代": "/year/*\">&&</a>",
    "影片地区": "/area/*\">&&</a",
    "影片类型": "类型 :&&</div",
    "状态": "remarks cor5\">&&<",
    "导演": "导演 :&&</div",
    "主演": "导演 :&&</div",
    "简介": "【友情提醒：请不要相信视频中的广告，以免上当受骗！】✨乐哥为您介绍剧情👉+description\" content=\"&&\"",
    "线路二次截取": "tab nav-swiper&&</div>",
    "线路数组": "<a&&</a>",
    "线路标题": "✨乐哥推荐✨+</i>&&<",
    "播放二次截取": "",
    "播放数组": "list-play size&&</ul>",
    "倒序": "0",
    "播放列表": "<a&&/a>",
    "播放标题": "<span>&&<",
    "播放链接": "href=\"&&\"",
    "跳转解析": "https://jx.imayday.cn/player/ec.php?code=qy&if=1&url=",
    "跳转播放链接": "解析+var player_*\"url\":\"&&\"",
    "搜索请求头": "User-Agent$MOBILE_UA",
    "搜索url": "/index.php/ajax/suggest?mid=1&wd={wd}&page={pg}&limit=30",
    "搜索模式": "1",
    "搜索数组": "list",
    "搜索标题": "name",
    "搜索图片": "pic",
    "搜索副标题": "en",
    "搜索链接": "'/index.php/vod/play/id/'+id+'/sid/1/nid/1.html'",
    "筛选": "1",
    "年份": "2010-2024",
    "年份值": "*",
    "字母": "A&B&C&D&E&F&G&H&I&J&K&L&M&N&O&P&Q&R&S&T&U&V&W&X&Y&Z&0-9",
    "字母值": "*",
    "排序": "时间&人气&评分",
    "排序值": "time&hits&score"
}