{
    "作者": "",
    "站名": "",
    "请求头": "User-Agent$MOBILE_UA",
    "编码": "UTF-8",
    "图片代理": "0",
    "主页url": "https://www.hbsyt.com",
    "首页": "120",
    "起始页": "1",
    "分类url": "https://www.hbsyt.com/video/{cateId}-{catePg}.html;;mrcd0",
    "分类二次截取": "",
    "分类数组": "<a&&/a>",
    "分类标题": "title=\"&&\"",
    "分类ID": "/video/&&.html",
    "二次截取": "module-items\">&&id=\"page[替换:module-footer>>module-item]",
    "数组": "module-item-cover\">&&module-item\">",
    "标题": "title=\"&&\"",
    "图片": "data-original=\"&&\"",
    "副标题": "module-item-text\">&&<",
    "链接": "href=\"&&\"",
    "影片年代": "年份：&&</a>",
    "影片地区": "地区：&&</li>",
    "影片类型": "----*---------.html\" target=\"_blank\">&&</div>",
    "状态": "集数：&&</div>",
    "导演": "导演：&&</div>",
    "主演": "主演：&&</div>",
    "简介": "👶+video-info-content\">&&</div>",
    "线路二次截取": "",
    "线路数组": "module-tab-item tab-item&&/small>",
    "线路标题": "👶+>&&</span>+【共+<small>&&<+集】",
    "播放二次截取": "",
    "播放数组": "module-blocklist\">&&</div>",
    "播放列表": "<a&&/a>",
    "播放标题": ">&&</span",
    "播放链接": "href=\"&&\"",
    "解析": "",
    "直接播放": "0",
    "播放请求头": "",
    "嗅探词": ".mp4#.m3u8",
    "过滤词": "",
    "跳转播放链接": "data-play=\"&&\"",
    "跳转解析": "",
    "搜索请求头": "User-Agent$MOBILE_UA",
    "搜索url": "https://www.hbsyt.com/videosearch/{wd}----------{pg}---.html",
    "搜索模式": "1",
    "搜索后缀": "",
    "搜索二次截取": "",
    "搜索数组": "module-item-pic\">&&</strong>",
    "搜索标题": "alt=\"&&\"",
    "搜索图片": "data-original=\"&&\"",
    "搜索副标题": "video-serial*>&&</a",
    "搜索链接": "href=\"&&\"",
    "筛选": "1",
    "类型": "动作片$6#喜剧片$7#爱情片$8#科幻片$9#恐怖片$10#剧情片$11#战争片$12#剧情剧$13#古装片$43#国产剧$20#香港剧$14#台湾剧$15#欧美剧$16#韩国剧$25#台湾综艺$26#记录片$27#动画剧$28#台湾动漫$30#欧美动漫$31#日韩综艺$21#欧美综艺$22#大陆动漫$23#日本动漫$24#40$40#海外动漫$37#动画伦理片$38#动画片$41#恐怖$42",
    "剧情": "",
    "剧情值": "*",
    "地区": "",
    "地区值": "*",
    "年份": "",
    "年份值": "*",
    "语言": "",
    "语言值": "*",
    "字母": "A&B&C&D&E&F&G&H&I&J&K&L&M&N&O&P&Q&R&S&T&U&V&W&X&Y&Z&0-9",
    "字母值": "*",
    "排序": "时间&人气&评分",
    "排序值": "time&hits&score"
}