{
    "作者": "",
    "站名": "",
    "请求头": "User-Agent$MOBILE_UA",
    "编码": "UTF-8",
    "图片代理": "0",
    "主页url": "https://www.olenew.com",
    "首页": "120",
    "起始页": "1",
    "分类url": "https://www.olenew.com/show/{cateId}-{area}-{by}-{class}-{lang}-{letter}---{catePg}---{year}.html;;mrcd0",
    "分类": "电影&剧集&综艺&动漫",
    "分类值": "movie&2&show&animation",
    "二次截取": "",
    "数组": "hl-lazy\"&&</a>",
    "标题": "title=\"&&\"",
    "图片": "data-original=\"&&\"",
    "副标题": "remarks\">&&<",
    "链接": "href=\"&&\"",
    "影片年代": "年份：&&</li>",
    "影片地区": "地区：&&</li>",
    "影片类型": "类型：&&</li>",
    "状态": "状态：&&</li>",
    "导演": "导演：&&</li>",
    "主演": "主演：&&</li>",
    "简介": "👶+简介：&&</li>",
    "线路二次截取": "",
    "线路数组": "hl-from-btn&&</a>",
    "线路标题": "👶+>&&</span>",
    "播放二次截取": "",
    "播放数组": "id=\"hl-plays-list&&</ul>",
    "播放列表": "<a&&/a>",
    "播放标题": ">&&<",
    "播放链接": "href=\"&&\"",
    "解析": "",
    "直接播放": "0",
    "播放请求头": "",
    "嗅探词": ".mp4#.m3u8#.avi",
    "过滤词": "",
    "跳转播放链接": "",
    "跳转解析": "",
    "搜索请求头": "User-Agent$MOBILE_UA",
    "搜索url": "https://www.olenew.com/search/{wd}----------{pg}---.html",
    "搜索模式": "1",
    "搜索后缀": "",
    "搜索二次截取": "",
    "搜索数组": "hl-lazy\"&&</a>",
    "搜索标题": "title=\"&&\"",
    "搜索图片": "data-original=\"&&\"",
    "搜索副标题": "remarks\">&&<",
    "搜索链接": "href=\"&&\"",
    "筛选": "1",
    "类型": "动作$action#喜剧$comedy#爱情$love#剧情$drama#冒险$adventure#悬疑$suspense#惊悚$thriller#犯罪$crime#恐怖$horror#科幻$sci-fi#灾难$disaster#奇幻$fantasy#战争$war#动画$animated#歌舞$musical#纪录$documentary||大陆剧$cn#欧美剧$useu#港台剧$hktw#日韩剧$jpkr#其它海外剧$other||大陆综艺$show-cn#港台综艺$show-hktw#日韩综艺$show-jpkr#欧美综艺$show-euus#其它海外综艺$show-other||大陆动漫$ani-cn#日韩动漫$ani-jpkr#欧美动漫$ani-euus#其它海外动漫$ani-other",
    "剧情": "",
    "剧情值": "*",
    "地区": "",
    "地区值": "*",
    "年份": "",
    "年份值": "*",
    "语言": "",
    "语言值": "*",
    "字母": "A&B&C&D&E&F&G&H&I&J&K&L&M&N&O&P&Q&R&S&T&U&V&W&X&Y&Z&0-9",
    "字母值": "*",
    "排序": "时间&人气&评分",
    "排序值": "time&hits&score"
}