{
    "作者": "",
    "站名": "",
    "请求头": "User-Agent$MOBILE_UA",
    "编码": "UTF-8",
    "图片代理": "0",
    "主页url": "https://yeyezi.com",
    "首页": "120",
    "起始页": "1",
    "分类url": "https://yeyezi.com/vodtype/{cateId}-{catePg}.html;;mrcd0",
    "分类": "电影&剧集&综艺&动漫&短剧",
    "分类值": "1&2&3&4&6",
    "二次截取": "",
    "数组": "<li>&&</li>",
    "标题": "title=\"&&\"",
    "图片": "src=\"&&\"",
    "副标题": "",
    "链接": "href=\"&&\"",
    "影片年代": "年份：&&</dd>",
    "影片地区": "地区：&&</dd>",
    "影片类型": "类型：&&</li>",
    "状态": "状态：&&</li>",
    "导演": "导演：&&</dd>",
    "主演": "主演：&&</dd>",
    "简介": "👶+剧情：&&</div>",
    "线路二次截取": "",
    "线路数组": "mint-title\">&&</div>",
    "线路标题": "👶+>&&</h2>",
    "播放二次截取": "",
    "播放数组": "mint-video_list\">&&</div>",
    "播放列表": "<a&&/a>",
    "播放标题": ">&&<",
    "播放链接": "href=\"&&\"",
    "解析": "",
    "直接播放": "0",
    "播放请求头": "",
    "嗅探词": ".mp4#.m3u8",
    "过滤词": "",
    "跳转播放链接": "var player_*url\":\"&&\"",
    "跳转解析": "",
    "搜索请求头": "User-Agent$MOBILE_UA",
    "搜索url": "https://yeyezi.com/vodsearch/-------------.html?wd={wd}",
    "搜索模式": "1",
    "搜索后缀": "",
    "搜索二次截取": "",
    "筛选": "1",
    "类型": "动作片$100#喜剧片$101#爱情片$102#科幻片$103#恐怖片$104#战争片$105#纪录片$106#剧情片$107#伦理片$108#悬疑片$109#灾难片$110#惊悚片$111#犯罪片$112#网络电影$113",
    "剧情": "",
    "剧情值": "*",
    "地区": "",
    "地区值": "*",
    "年份": ""
}