{
    "作者": "🐉龍哥🐉",
    "站名": "欧美影院",
    "编码": "UTF-8",
    "请求头": "User-Agent$MOBILE_UA",
    "主页url": "https://2100bx.com/",
    "首页": "200",
    "数组": "stui-vodlist__box\">&&</li>",
    "简介": "isplay: none;\">&&</span>",
    "影片年代": "年份：&&</p>",
    "影片地区": "地区：&&</p>",
    "影片类型": "类型: &&</p>",
    "状态": "更新: &&</p>",
    "导演": "导演:&&</p>",
    "主演": "主演:&&</p>",
    "副标题": "text-right\">&&</span>",
    "标题": "title=\"&&\"",
    "图片": "data-original=\"&&\"",
    "搜索模式": "1",
    "搜索标题": "title=\"&&\"",
    "搜索请求头": "User-Agent$MOBILE_UA",
    "线路数组": "playlist mb\">&&</div>",
    "线路标题": "title\">&&</h3>",
    "搜索数组": "thumb\">&&</div>",
    "搜索图片": "",
    "播放数组": "class=\"stui-content__playlist&&</ul>",
    "搜索url": "https://2100bx.com/search/{wd}----------{pg}---.html",
    "起始页": "1",
    "分类url": "https://2100bx.com/top/{cateId}-{area}-{by}-{class}-{lang}-{letter}---{catePg}---{year}.html;;mrcd0",
    "链接": "href=\"&&\"",
    "跳转播放链接": "var player_*\"url\":\"&&\"",
    "分类": "电视剧$dianshiju#电影$dianying#综艺$zongyi#动漫$dongman",
    "筛选": "1"
}