{
    "作者": "乐哥",
    "请求头": "User-Agent$MOBILE_UA",
    "编码": "UTF-8",
    "图片代理": "0",
    "主页url": "https://www.duse2.com/show/6------.html",
    "首页": "120",
    "起始页": "1",
    "分类url": "https://www.duse2.com/show/6-{cateId}----{by}-{catePg}.html;;mrcd0",
   "分类": "王爷太子&霸道总裁&屌丝逆袭&赘婿系列&重生系列&穿越短剧&美女总裁&娇妻系列&龙王系列&都市言情&逆袭&甜宠&虐恋&穿越&重生&剧情&科幻&武侠&爱情&动作&战争&冒险&其它&擦边",
    "分类值": "*",
    "数组": "默认--/detail&&</a>||搜索--/detail&&</a>",
    "标题": "默认--</div>*title\">&&<||搜索--title=\"&&\"",
    "图片": "https://vres.uujjyp.cn/+data-original=\"/&&\"",
    "副标题": "</span>*<span>&&</span>||搜索--tags\">&&</span>",
    "链接": "/detail/+/&&\"",
    "影片年代": "detail-tags-item\">&&</a>",
    "影片地区": "----.html*>&&</a>",
    "影片类型": "-----.html*>&&</div>",
    "状态": "备注:</div>&&</div>",
    "导演": "导演:</div>&&</div>",
    "主演": "演员:</div>&&</div>",
    "简介": "detail-desc\">&&</p>",
    "线路数组": "source-item\">&&</a>[不包含:4K]",
    "线路标题": "</span>*>&&</span>",
    "播放数组": "episode-list&&</div>",
    "播放列表": "<a&&/a>",
    "播放标题": ">&&<",
    "播放链接": "href=\"&&\"",
    "直接播放": "0",
    "嗅探词": ".mp4#.m3u8",
    "搜索请求头": "User-Agent$MOBILE_UA",
    "搜索url": "/search?k={wd}&page={pg}",
    "搜索模式": "1",
    "筛选": "1",
    "排序": "综合&最新&最热",
    "排序值": "1&2&3"
}