{
    "作者": "年少轻狂",
    "备注": "",
    "站名": "",
    "请求头": "手机",
    "编码": "UTF-8",
    "图片代理": "0",
    "主页url": "https://www.tengzhouminsheng.com",
    "首页": "120",
    "起始页": "1",
    "分类url": "/index.php/ajax/data?mid=1&tid={cateId}&page={catePg}&limit=30;;mrcd0",
    "分类": "电影&剧集&综艺&动漫",
    "分类值": "1&2&3&4",
    "二次截取": "默认--list\":\\[&&\\][替换:\"vod_id>>组头\"vod_id#\"vod_year>>组尾\"vod_year]||首页--空",
    "数组": "默认--组头&&组尾||首页--/news&&</a>",
    "标题": "默认--vod_name\":\"&&\"||首页--title=\"&&\"",
    "图片": "默认--vod_pic\":\"&&\"||首页--data-original=\"&&\"",
    "副标题": "默认--vod_remarks\":\"&&\"||首页--module-item-note\">&&<",
    "链接": "默认--/news/+vod_id\":&&,||首页--/news/+/&&\"",
    "影片年代": "-*.html\">&&</a>",
    "影片地区": "area/*>&&</div>",
    "影片类型": "class/*>&&</div>",
    "状态": "连载：&&</div",
    "导演": "导演:  &&</div>",
    "主演": "主演:  &&</div>",
    "简介": "👶+<p>&&</p>",
    "线路二次截取": "",
    "线路数组": "module-tab-item tab-item&&/small>",
    "线路标题": "👶+>&&</span>+【共+<small>&&<+集】",
    "播放二次截取": "",
    "播放数组": "module-play-list\">&&</div>",
    "播放列表": "<a&&/a>",
    "播放标题": ">&&</span",
    "播放链接": "href=\"&&\"",
    "解析": "",
    "直接播放": "0",
    "播放请求头": "",
    "嗅探词": "",
    "过滤词": "",
    "跳转播放链接": "var player_*url\":\"&&\"",
    "跳转解析": "",
    "搜索请求头": "User-Agent$MOBILE_UA",
    "搜索url": "/index.php/ajax/suggest?mid=1&wd={wd}&page={pg}&limit=30",
    "搜索模式": "1",
    "搜索二次截取": "",
    "搜索数组": "{&&}",
    "搜索标题": "name\":\"&&\"",
    "搜索图片": "pic\":\"&&\"",
    "搜索副标题": "en\":\"&&\"",
    "搜索链接": "/news/+id\":&&,+.html",
    "搜索后缀": "",
    "筛选": "1",
    "类型": "动作片$6#喜剧电影$7#浪漫爱情片$8#科幻电影$9#恐怖片$10#剧情片$11#战争片$12||国产剧$13#港剧$14#日韩剧$15#美剧$16||大陆综艺$22#港台综艺$23#日韩综艺$24#欧美综艺$25||日本动漫$20#国产动漫$21#海外动漫$27#bilibili私人情侣影院$29#欧美动漫$26",
    "剧情": "",
    "剧情值": "*",
    "地区": "",
    "地区值": "*",
    "年份": "",
    "年份值": "*",
    "语言": "",
    "语言值": "*",
    "字母": "A&B&C&D&E&F&G&H&I&J&K&L&M&N&O&P&Q&R&S&T&U&V&W&X&Y&Z&0-9",
    "字母值": "*",
    "排序": "时间&人气&评分",
    "排序值": "time&hits&score"
}