{
    "作者": "",
    "站名": "",
    "请求头": "User-Agent$MOBILE_UA",
    "编码": "UTF-8",
    "图片代理": "0",
    "主页url": "hhttps://www.akysw.us",
    "首页": "120",
    "起始页": "1",
    "分类url": "/index.php/api/vod;post;type={cateId}&page={catePg}&time=时间戳&key=md5(DS时间戳DCC147D11943AF75)&area={area}&class={class}&by={by}&lang={lang}&letter={letter}&year={year};;mrcd0",
    "分类": "电影&剧集&综艺&动漫&短剧&港台剧&日韩剧&美剧",
    "分类值": "1&2&3&4&20&14&15&16",
    "二次截取": "",
    "数组": "默认--list||首页--public-list-exp&&</a",
    "图片": "默认--vod_pic||首页--https://ps.ssl.qhimg.com+data-src=\"&&\"",
    "标题": "默认--vod_name||首页--title=\"&&\"",
    "副标题": "默认--vod_remarks||首页--",
    "链接": "默认--'/voddetail/'+vod_id+'/'||首页--href=\"&&\"",
    "影片年代": "年份：&&</a>",
    "影片地区": "地区：&&</li>",
    "影片类型": "类型：&&</li>",
    "状态": "状态：&&</li>",
    "导演": "导演：&&</li>",
    "主演": "主演：&&</li>",
    "简介": "👶+简介：&&</p>",
    "线路二次截取": "anthology-tab nav&&</div>",
    "线路数组": "<a&&/a>",
    "线路标题": "👶+>&&</span>",
    "播放二次截取": "",
    "播放数组": "anthology-list-play&&</ul>",
    "播放列表": "<a&&/a>",
    "播放标题": ">&&<",
    "播放链接": "href=\"&&\"",
    "解析": "",
    "直接播放": "0",
    "播放请求头": "",
    "嗅探词": ".mp4#.m3u8",
    "过滤词": "",
    "跳转播放链接": "urlDecode(var player_*url\":\"&&\")",
    "跳转解析": "",
    "搜索请求头": "User-Agent$MOBILE_UA",
    "搜索url": "/index.php/ajax/suggest?mid=1&wd={wd}&page={pg}&limit=30",
    "搜索模式": "1",
    "搜索二次截取": "list\":\\[&&\\]",
    "搜索数组": "{&&}",
    "搜索标题": "name\":\"&&\"",
    "搜索图片": "pic\":\"&&\"",
    "搜索副标题": "en\":\"&&\"",
    "搜索链接": "/voddetail/+id\":&&,+.html",
    "筛选": "1",
    "类型": "",
    "剧情": "",
    "剧情值": "*",
    "地区": "",
    "地区值": "*",
    "年份": "",
    "年份值": "*",
    "语言": "",
    "语言值": "*",
    "字母": "A&B&C&D&E&F&G&H&I&J&K&L&M&N&O&P&Q&R&S&T&U&V&W&X&Y&Z&0-9",
    "字母值": "*",
    "排序": "时间&人气&评分",
    "排序值": "time&hits&score"
}