{
    "作者": "",
    "站名": "",
    "请求头": "User-Agent$MOBILE_UA",
    "编码": "UTF-8",
    "图片代理": "0",
    "主页url": "https://twodie.cc",
    "首页": "120",
    "起始页": "1",
    "分类url": "https://twodie.cc/type-{cateId}-{catePg}/;;mrcd0",
    "分类": "电影$dianying#电视剧$dianshiju#综艺$zongyi#动漫$dongman",
    "二次截取": "",
    "数组": "<li>&&</li>",
    "标题": "title=\"&&\"",
    "图片": "src=\"&&\"",
    "副标题": "<span>&&<",
    "链接": "href=\"&&\"",
    "影片年代": "年代：&&</p>",
    "影片地区": "地区：&&</p>",
    "影片类型": "类型：&&</p>",
    "状态": "状态：&&</li>",
    "导演": "导演：&&</p>",
    "主演": "主演：&&</p>",
    "简介": "👶+jq-jieshao\">&&</div>",
    "线路二次截取": "",
    "线路数组": "class=\"tit04&&/h2>",
    "线路标题": "👶+</i>&&<",
    "播放二次截取": "",
    "播放数组": "<ul class=\"juji-con&&</ul>",
    "播放列表": "<a&&/a>",
    "播放标题": ">&&<",
    "播放链接": "href=\"&&\"",
    "解析": "",
    "直接播放": "0",
    "播放请求头": "",
    "嗅探词": ".mp4#.m3u8",
    "过滤词": "",
    "跳转播放链接": "<iframe*src=\"&&\"",
    "跳转解析": "",
    "搜索请求头": "User-Agent$MOBILE_UA",
    "搜索url": "https://kdie.cc/search{wd}/page/{pg}/",
    "搜索模式": "1",
    "搜索后缀": "",
    "筛选": "1",
    "类型": "动作$dongzuo#喜剧$xiju#爱情$aiqing#科幻$kehuan#恐怖$kongbu#战争$zhanzheng#剧情$juqing||国产$guochan#韩剧$hanju#短剧$duanju#泰剧$taiju#美剧$meiju#港剧$gangju#日剧$riju#台剧$taiju||空||空",
    "搜索二次截取": ""
}