{
    "作者": "",
    "站名": "",
    "请求头": "User-Agent$MOBILE_UA",
    "编码": "UTF-8",
    "图片代理": "0",
    "主页url": "https://www.pdy0.com",
    "首页": "120",
    "起始页": "1",
    "分类url": "https://www.pdy0.com/ms/{cateId}-{area}-{by}-{class}-{lang}-{letter}---{catePg}---{year}.html;;mrcd0",
    "分类": "电影&剧集&综艺&动漫&短剧",
    "分类值": "1&2&3&4&30",
    "二次截取": "",
    "数组": "pic\">&&</li>",
    "标题": "title=\"&&\"",
    "图片": "data-original=\"&&\"",
    "副标题": "</i>&&<",
    "链接": "href=\"&&\"",
    "影片年代": "上映：&&</p>",
    "影片地区": "地区：&&</p>",
    "影片类型": "类型：&&</p>",
    "状态": "otherbox\">&&</div>",
    "导演": "导演：&&</p>",
    "主演": "主演：&&</p>",
    "简介": "👶+zksq-content\">&&</div>",
    "线路二次截取": "",
    "线路数组": "#ewave-playlist&&</li>",
    "线路标题": "👶+>&&</span>",
    "播放二次截取": "",
    "播放数组": "id=\"ewave-playlist&&</ul>",
    "播放列表": "<a&&/a>",
    "播放标题": ">&&<",
    "播放链接": "href=\"&&\"",
    "解析": "",
    "直接播放": "0",
    "播放请求头": "",
    "嗅探词": ".mp4#.m3u8",
    "过滤词": "",
    "跳转播放链接": "var player_*url\":\"&&\"",
    "跳转解析": "",
    "搜索请求头": "User-Agent$MOBILE_UA",
    "搜索url": "/index.php/ajax/suggest?mid=1&wd={wd}&page={pg}&limit=30",
    "搜索模式": "1",
    "搜索二次截取": "list\":\\[&&\\]",
    "搜索数组": "{&&}",
    "搜索标题": "name\":\"&&\"",
    "搜索图片": "pic\":\"&&\"",
    "搜索副标题": "en\":\"&&\"",
    "搜索链接": "/mv/+id\":&&,+.html",
    "筛选": "1",
    "类型": "",
    "剧情": "",
    "剧情值": "*",
    "地区": "",
    "地区值": "*",
    "年份": "",
    "年份值": "*",
    "语言": "",
    "语言值": "*",
    "字母": "A&B&C&D&E&F&G&H&I&J&K&L&M&N&O&P&Q&R&S&T&U&V&W&X&Y&Z&0-9",
    "字母值": "*",
    "排序": "时间&人气&评分",
    "排序值": "time&hits&score"
}