{
    "作者": "年少轻狂",
    "站名": "",
    "请求头": "PC",
    "编码": "UTF-8",
    "图片代理": "0",
    "主页url": "https://pian-ku.com",
    "首页": "120",
    "起始页": "1",
    "分类url": "https://pian-ku.com/vodshow/{cateId}-{area}-{by}-{class}-{lang}-{letter}---{catePg}---{year}/;;mrcd0",
    "分类": "电影&剧集&综艺&动漫&短剧&周星驰&激情速递&行尸走肉&阿凡达",
    "分类值": "1&2&3&4&36&https://pian-ku.com/topicdetail-1/&https://pian-ku.com/topicdetail-3/&https://pian-ku.com/topicdetail-2/&https://pian-ku.com/topicdetail-4/",
    "二次截取": "",
    "数组": "public-list-exp\"&&</a>",
    "标题": "alt=\"&&封面图\"",
    "图片": "data-src=\"&&\"",
    "副标题": "hide ft2\">&&<",
    "链接": "href=\"&&\"",
    "影片年代": "年份: &&</li>",
    "影片地区": "地区: &&</li>",
    "影片类型": "类型: &&</li>",
    "状态": "更新: &&</li>",
    "导演": "导演: &&</li>",
    "主演": "主演: &&</li>",
    "简介": "👶+简介：&&</li>",
    "线路二次截取": "anthology-tab nav&&</div",
    "线路数组": "<a&&/a>",
    "线路标题": "👶+</i>&&<",
    "播放二次截取": "",
    "播放数组": "list-play size\">&&</ul>",
    "播放列表": "<a&&/a>",
    "播放标题": ">&&<",
    "播放链接": "href=\"&&\"",
    "解析": "",
    "直接播放": "0",
    "播放请求头": "",
    "嗅探词": "",
    "过滤词": "",
    "跳转播放链接": "var player_*url\":\"&&\"",
    "跳转解析": "",
    "搜索请求头": "User-Agent$MOBILE_UA",
    "搜索url": "https://pian-ku.com/vodsearch/{wd}----------{pg}---/",
    "搜索模式": "1",
    "搜索后缀": "",
    "搜索二次截取": "",
    "搜索数组": "public-list-exp\"&&</a>",
    "搜索标题": "alt=\"&&封面图\"",
    "搜索图片": "data-src=\"&&\"",
    "搜索副标题": "hide ft2\">&&<",
    "搜索链接": "href=\"&&\"",
    "筛选": "1",
    "类型": "动作片$6#喜剧片$7#爱情片$8#科幻片$9#恐怖片$10#剧情片$11#战争片$12#纪录片$20#惊悚片$21#奇幻片$22#冒险片$23#4K电影$24#邵氏电影$25#电影解说$56#灾难片$27#犯罪片$28#悬疑片$29#动画片$30||国产剧$13#港台剧$14#日韩剧$15#欧美剧$16#新马剧$42#泰国剧$26#其他剧$43||国内综艺$31#欧美综艺$32#日韩综艺$37#港台综艺$45#演唱会$73#其他综艺$46||国产动漫$33#欧美动漫$34#日韩动漫$35#港台动漫$39#其他动漫$55||空||空||空||空||空",
    "剧情": "",
    "剧情值": "*",
    "地区": "",
    "地区值": "*",
    "年份": "",
    "年份值": "*",
    "语言": "",
    "语言值": "*",
    "字母": "A&B&C&D&E&F&G&H&I&J&K&L&M&N&O&P&Q&R&S&T&U&V&W&X&Y&Z&0-9",
    "字母值": "*",
    "排序": "时间&人气&评分",
    "排序值": "time&hits&score"
}