{
    "作者": "",
    "站名": "",
    "请求头": "User-Agent$MOBILE_UA",
    "编码": "UTF-8",
    "图片代理": "0",
    "主页url": "https://www.maoyou.la",
    "首页": "120",
    "起始页": "1",
    "分类url": "https://www.maoyou.la/vodshow/{cateId}-{area}-{by}-{class}-{lang}-{letter}---{catePg}---{year}.html;;mrcd0",
    "分类": "电影&剧集&综艺&动漫&短剧",
    "分类值": "dianying&dianshiju&zongyi&dongman&duanju",
    "二次截取": "",
    "数组": "lazyload\"&&</a>",
    "标题": "title=\"&&\"",
    "图片": "data-original=\"&&\"",
    "副标题": "text-right\">&&<",
    "链接": "href=\"&&\"",
    "影片年代": "年份：&&</a>",
    "影片地区": "地区：&&</p>",
    "影片类型": "分类：&&</p>",
    "状态": "更新：&&</p>",
    "导演": "导演：&&</p>",
    "主演": "主演：&&</p>",
    "简介": "👶+<span class=\"data\"*>&&</span>",
    "线路二次截取": "",
    "线路数组": "#playlist&&/a>",
    "线路标题": "👶+tab\">&&<",
    "播放二次截取": "",
    "播放数组": "<ul class=\"myui-content__list&&</ul>",
    "播放列表": "<a&&/a>",
    "播放标题": ">&&<",
    "播放链接": "href=\"&&\"",
    "解析": "",
    "直接播放": "0",
    "播放请求头": "",
    "嗅探词": ".mp4#.m3u8",
    "过滤词": "",
    "跳转播放链接": "var player_*url\":\"&&\"",
    "跳转解析": "",
    "搜索请求头": "User-Agent$MOBILE_UA",
    "搜索url": "https://www.maoyou.la/vodsearch/{wd}----------{pg}---.html",
    "搜索模式": "1",
    "搜索后缀": "",
    "搜索二次截取": "",
    "搜索数组": "lazyload\"&&</a>",
    "搜索标题": "title=\"&&\"",
    "搜索图片": "data-original=\"&&\"",
    "搜索副标题": "text-right\">&&<",
    "搜索链接": "href=\"&&\"",
    "筛选": "1",
    "类型": "动作片$dongzuopian#喜剧片$xijupian#科幻片$kehuanpian#爱情片$aiqingpian#恐怖片$kongbupian#剧情片$juqingpian#战争片$zhanzhengpian#动画片$donghuapian#犯罪片$fanzuipian#奇幻片$qihuanpian#悬疑片$xuanyipian#纪录片$jilupian||国产剧$guochanju#韩剧$hanju#美剧$meiju#日剧$riju#港剧$gangju#台剧$taiju#泰剧$taiju#海外剧$haiwaiju||大陆综艺$daluzongyi#日韩综艺$rihanzongyi#港台综艺$gangtaizongyi#欧美综艺$oumeizongyi||国产动漫$guochandongman#日韩动漫$rihandongman#欧美动漫$oumeidongman#港台动漫$gangtaidongman#海外动漫$haiwaidongman||年代穿越$niandaichuanyue#现代都市$xiandaidushi#古装仙侠$guzhuangxianxia#女频恋爱$nvpinlianai#反转爽剧$fanzhuanshuangju#脑洞悬疑$naodongxuanyi#擦边短剧$cabianduanju",
    "剧情": "",
    "剧情值": "*",
    "地区": "",
    "地区值": "*",
    "年份": "",
    "年份值": "*",
    "语言": "",
    "语言值": "*",
    "字母": "A&B&C&D&E&F&G&H&I&J&K&L&M&N&O&P&Q&R&S&T&U&V&W&X&Y&Z&0-9",
    "字母值": "*",
    "排序": "时间&人气&评分",
    "排序值": "time&hits&score"
}