{
    "作者": "🐉龍哥🐉",
    "站名": "猫咪影院",
    "编码": "UTF-8",
    "请求头": "User-Agent$MOBILE_UA",
    "主页url": "https://kk33kk.miaomiyy.xyz/public/",
    "首页": "200",
    "数组": "class=\"vertical-box&&</a>",
    "简介": "简介：&&</span>",
    "副标题": "HD",
    "标题": "title\">&&</div>",
    "图片": "data-original=\"&&\"",
    "搜索模式": "1",
    "线路二次截取": "layui-tab-title playline&&</ul",
    "线路数组": "<li&&/li>",
    "线路标题": ">&&<",
    "播放二次截取": "",
    "播放数组": "playline-tab-item\"&&</div>",
    "播放标题": ">&&</li>",
    "播放链接": "href=\"&&\"",
    "搜索url": "https://kk33kk.miaomiyy.xyz/search/index.html?keyword={wd}&page={pg}",
    "起始页": "1",
    "分类url": "https://kk33kk.miaomiyy.xyz/vod/index.html?area_id={area}&cate_id={class}&page={catePg}&type_id={cateId}&year_id={year};;mrcd0",
    "链接": "href=\"&&\"",
    "跳转播放链接": "",
    "分类": "电影$305#电视剧$306#综艺$307#动漫$308#短剧$435#看片$518",
    "筛选": "1",
    "剧情": "动作片$313#喜剧片$314#爱情片$315#恐怖片$316#剧情片$317#科幻片$318#惊悚片$319#奇幻片$320#动画片$321#悬疑片$322#冒险片$323#纪录片$324#战争片$325||国产剧$326#香港剧$327#台湾剧$328#欧美剧$329#日本剧$330#韩国剧$331#泰国剧$332#海外剧$333||大陆综艺$334#港台综艺$335#日韩综艺$336#欧美综艺$337#海外综艺$338||国产动漫$339#日韩动漫$340#欧美动漫$341#海外动漫$342||女频恋爱$436#反转爽剧$437#古装仙侠$438#年代穿越$439#脑洞悬疑$440#现代都市$441||大奶诱惑$519#美臀诱惑$520",
    "地区": "内地$121#香港$122#台湾$123#东南亚$124#印度$125#美国$126#俄罗斯$127#欧洲$128||内地$121#香港$122#台湾$123#东南亚$124#印度$125#美国$126#俄罗斯$127#欧洲$128||内地$121#香港$122#台湾$123#东南亚$124#印度$125#美国$126#俄罗斯$127#欧洲$128||内地$121#香港$122#台湾$123#东南亚$124#印度$125#美国$126#俄罗斯$127#欧洲$128||内地$121#香港$122#台湾$123#东南亚$124#印度$125#美国$126#俄罗斯$127#欧洲$128||空",
    "年份": "2024$112#2023$113#2022$114#2021$115#2020$116#2010-2019$117#2000-2009$118#1985-1999$119||2024$112#2023$113#2022$114#2021$115#2020$116#2010-2019$117#2000-2009$118#1985-1999$119||2024$112#2023$113#2022$114#2021$115#2020$116#2010-2019$117#2000-2009$118#1985-1999$119||2024$112#2023$113#2022$114#2021$115#2020$116#2010-2019$117#2000-2009$118#1985-1999$119||2024$112#2023$113#2022$114#2021$115#2020$116#2010-2019$117#2000-2009$118#1985-1999$119||空",
    "语言": "",
    "语言值": "*"
}