{
    "作者": "",
    "站名": "",
    "请求头": "User-Agent$MOBILE_UA",
    "编码": "UTF-8",
    "图片代理": "0",
    "主页url": "https://www.dyke.cc",
    "首页": "120",
    "起始页": "1",
    "分类url": "https://www.dyke.cc/vod/list/{cateId}-{area}-{by}-{class}-{lang}-{letter}---{catePg}---{year}.html;;mrcd0",
    "分类": "电影&剧集&综艺&动漫",
    "分类值": "1&2&3&4",
    "二次截取": "",
    "数组": "vodlist_thumb\"&&</a>",
    "标题": "title=\"&&\"",
    "图片": "data-src=\"&&\"",
    "副标题": "pic_text text_right*>&&<",
    "链接": "href=\"&&\"[替换:detail>>play#.html>>-1-1.html]",
    "影片年代": "年份：&&</a>",
    "影片地区": "地区：&&</li>",
    "影片类型": "play_text\">&&</div>",
    "状态": "状态：&&</li>",
    "导演": "导演：&&</p>",
    "主演": "主演：&&</p>",
    "简介": "👶+panel play_content\"*none;\">&&</div>",
    "线路二次截取": "tab-top play-tab&&</ul",
    "线路数组": "<li&&</li>",
    "线路标题": "👶+>&&</a>",
    "播放二次截取": "",
    "播放数组": "<ul class=\"content_playlist&&</ul>",
    "播放列表": "<a&&/a>",
    "播放标题": ">&&<",
    "播放链接": "href=\"&&\"",
    "解析": "",
    "直接播放": "0",
    "播放请求头": "",
    "嗅探词": ".mp4#.m3u8",
    "过滤词": "",
    "跳转播放链接": "",
    "跳转解析": "",
    "搜索请求头": "User-Agent$MOBILE_UA",
    "搜索url": "https://www.dyke.cc/vod/search/{wd}----------{pg}---.html",
    "搜索模式": "1",
    "搜索后缀": "",
    "搜索二次截取": "",
    "搜索数组": "lazyload\"&&</a>",
    "搜索标题": "title=\"&&\"",
    "搜索图片": "data-src=\"&&\"",
    "搜索副标题": "text-right\">&&<",
    "搜索链接": "href=\"&&\"",
    "筛选": "1",
    "类型": "动作片$6#喜剧片$7#爱情片$8#科幻片$9#恐怖片$10#剧情片$11#战争片$12#记录片$17#奇幻片$18#犯罪片$23#动画片$20||国产剧$13#港台剧$14#日韩剧$15#欧美剧$16#海外剧$22||空||空",
    "剧情": "",
    "剧情值": "*",
    "地区": "",
    "地区值": "*",
    "年份": "",
    "年份值": "*",
    "语言": "",
    "语言值": "*",
    "字母": "A&B&C&D&E&F&G&H&I&J&K&L&M&N&O&P&Q&R&S&T&U&V&W&X&Y&Z&0-9",
    "字母值": "*",
    "排序": "时间&人气&评分",
    "排序值": "time&hits&score"
}