{
    "作者": "年少轻狂",
    "站名": "",
    "请求头": "User-Agent@Mozilla/5.0 (Linux；； Android 12；； RMX3370 Build/RKQ1.211103.002；； wv) AppleWebKit/537.36 (KHTML, like Gecko) Version/4.0 Chrome/136.0.7103.60 Mobile Safari/537.36&&Cookie@&&Accept@text/html,application/xhtml+xml,application/xml；；q=0.9,image/avif,image/webp,image/apng,*/*；；q=0.8,application/signed-exchange；；v=b3；；q=0.7&&Accept-Language@zh-CN,zh；；q=0.9",
    "编码": "UTF-8",
    "图片代理": "0",
    "主页url": "https://dyds.app/",
    "首页": "120",
    "起始页": "1",
    "分类url": "https://dyds.app/search.php?page={catePg}&searchtype=5&order={by}&tid={cateId}&area={area}&year={year}&letter=&yuyan={lang}&state=&money=&ver=&jq=;;mrcd0",
    "分类": "电影&剧集&综艺&动漫&短剧&伦理",
    "分类值": "1&46&58&53&66&65",
    "二次截取": "",
    "数组": "poster-card\">&&</li>",
    "标题": "alt=\"&&\"",
    "图片": "src=\"&&\"",
    "副标题": "sub\">&&<",
    "链接": "href=\"&&\"",
    "影片年代": "年份：&&</p>",
    "影片地区": "地区：&&</p>",
    "影片类型": "类型：&&</p>",
    "状态": "状态：&&</p>",
    "导演": "导演：&&</p>",
    "主演": "主演：&&</p>",
    "简介": "👶+简介：&&</p></p>",
    "线路二次截取": "id=\"playlines&&</div",
    "线路数组": "<span&&<li id",
    "线路标题": "👶+data-from=\"&&\"",
    "播放二次截取": "id=\"playlines&&</div",
    "播放数组": "<span&&</span>",
    "播放列表": "<a&&/a>",
    "播放标题": "title=\"&&\"",
    "播放链接": "href=\"&&\"",
    "解析": "",
    "直接播放": "0",
    "播放请求头": "",
    "嗅探词": "",
    "过滤词": "",
    "跳转播放链接": "var now=\"&&\"",
    "跳转解析": "",
    "搜索请求头": "User-Agent$MOBILE_UA",
    "搜索url": "https://dyds.app/search.php?page={pg}&searchword={wd}&searchtype=",
    "搜索模式": "1",
    "搜索后缀": "",
    "搜索二次截取": "",
    "搜索数组": "poster-card\"&&</li>",
    "搜索标题": "alt=\"&&\"",
    "搜索图片": "data-original=\"&&\"",
    "搜索副标题": "tag note\">&&<",
    "搜索链接": "href=\"&&\"",
    "筛选": "1",
    "类型": "动作$25#喜剧$26#恐怖$27#科幻$28#爱情$29#剧情$30#战争$31#古装$32#历史$33#悬疑$34#灾难$35#犯罪$36#家庭$37#西部$38#冒险$39#奇幻$40#同性$41#惊悚$42#歌舞$43#经典$44#未分类$45#动画$67||国产剧$47#欧美剧$48#港台剧$49#日韩剧$50#东南亚剧$52||大陆综艺$59#港台综艺$60#日韩综艺$61#欧美综艺$62#东南亚综艺$63||国产动漫$54#日韩动漫$55#欧美动漫$56#港台动漫$57||空||空",
    "剧情": "",
    "剧情值": "*",
    "地区": "",
    "地区值": "*",
    "年份": "",
    "年份值": "*",
    "语言": "",
    "语言值": "*",
    "字母": "A&B&C&D&E&F&G&H&I&J&K&L&M&N&O&P&Q&R&S&T&U&V&W&X&Y&Z&0-9",
    "字母值": "*",
    "排序": "时间&人气&评分",
    "排序值": "time&hits&score"
}