{
    "作者": "",
    "站名": "",
    "请求头": "User-Agent$MOBILE_UA",
    "编码": "UTF-8",
    "图片代理": "0",
    "主页url": "https://dytt.xyz",
    "首页": "120",
    "起始页": "1",
    "分类url": "https://dytt.xyz/tag/{cateId}-{area}-{by}-{class}-{lang}-{letter}---{catePg}---{year}.html;;mrcd0",
    "分类": "电影&剧集&综艺&动漫&短剧",
    "分类值": "1&2&3&4&44",
    "二次截取": "",
    "数组": "pic loading\"&&</a>",
    "标题": "title=\"&&\"",
    "图片": "data-original=\"&&\"",
    "副标题": "text-bg-r\">&&<",
    "链接": "href=\"&&\"",
    "影片年代": "年代：&&</li>",
    "影片地区": "地区：&&</li>",
    "影片类型": "类别：&&</li>",
    "状态": "状态：&&</li>",
    "导演": "导演：&&</li>",
    "主演": "主演：&&</li>",
    "简介": "👶+content-all\">&&</span>",
    "线路二次截取": "",
    "线路数组": "#con_playlist&&</a>",
    "线路标题": "👶+tab\">&&<",
    "播放二次截取": "",
    "播放数组": "id=\"con_playlist&&</ul>",
    "播放列表": "<a&&/a>",
    "播放标题": ">&&<",
    "播放链接": "href=\"&&\"",
    "解析": "",
    "直接播放": "0",
    "播放请求头": "",
    "嗅探词": ".mp4#.m3u8",
    "过滤词": "",
    "跳转播放链接": "urlDecode(Base64(var player_*url\":\"&&\"))",
    "跳转解析": "",
    "搜索请求头": "User-Agent$MOBILE_UA",
    "搜索url": "https://dytt.xyz/search/{wd}----------{pg}---.html",
    "搜索模式": "1",
    "搜索后缀": "",
    "搜索二次截取": "",
    "搜索数组": "pic loading\"&&</ul>",
    "搜索标题": "title=\"&&\"",
    "搜索图片": "data-original=\"&&\"",
    "搜索副标题": "hidden-lg\">&&<",
    "搜索链接": "href=\"&&\"",
    "筛选": "1",
    "类型": "动作片$27#爱情片$6#科幻片$7#恐怖片$8#战争片$9#喜剧片$10#纪录片$11#剧情片$12#悬疑片$38#犯罪片$39#奇幻片$40#动画片$41#邵氏电影$42||泰国剧$28#大陆剧$13#港台剧$14#欧美剧$15#日韩剧$16#海外剧$43||内地综艺$34#港台综艺$35#日韩综艺$36#欧美综艺$37||国产动漫$29#日韩动漫$30#欧美动漫$31#港台动漫$32#海外动漫$33||空",
    "剧情": "",
    "剧情值": "*",
    "地区": "",
    "地区值": "*",
    "年份": "",
    "年份值": "*",
    "语言": "",
    "语言值": "*",
    "字母": "A&B&C&D&E&F&G&H&I&J&K&L&M&N&O&P&Q&R&S&T&U&V&W&X&Y&Z&0-9",
    "字母值": "*",
    "排序": "时间&人气&评分",
    "排序值": "time&hits&score"
}