{
    "作者": "",
    "站名": "",
    "请求头": "User-Agent$MOBILE_UA",
    "编码": "UTF-8",
    "图片代理": "0",
    "主页url": "https://www.mzncn.com",
    "首页": "120",
    "起始页": "1",
    "分类url": "https://www.mzncn.com/search.php?page={catePg}&searchtype=5&order={by}&tid={cateId}&area={area}&year={year}&letter={letter}&yuyan={lang}&state=&money=&ver=&jq=;;mrcd0",
    "分类": "电影&剧集&综艺&动漫",
    "分类值": "2&1&3&4",
    "二次截取": "",
    "数组": "lazyload\"&&</a>",
    "标题": "title=\"&&\"",
    "图片": "data-original=\"&&\"",
    "副标题": "text-right\">&&<",
    "链接": "href=\"&&\"",
    "影片年代": "年份：&&</p>",
    "影片地区": "地区：&&</p>",
    "影片类型": "类型：&&</p>",
    "状态": "时间：&&</p>",
    "导演": "导演：&&</p>",
    "主演": "主演：&&</p>",
    "简介": "👶+<span class=\"detail-content\"*>&&</span>",
    "线路二次截取": "",
    "线路数组": "#down&&</a>",
    "线路标题": "👶+tab\">&&<",
    "播放二次截取": "",
    "播放数组": "<ul class=\"stui-content__playlist&&</ul>",
    "播放列表": "<a&&/a>",
    "播放标题": ">&&<",
    "播放链接": "href=\"&&\"",
    "解析": "",
    "直接播放": "0",
    "播放请求头": "",
    "嗅探词": ".mp4#.m3u8",
    "过滤词": "",
    "跳转播放链接": "var *=\"&&\"",
    "跳转解析": "",
    "搜索请求头": "User-Agent$MOBILE_UA",
    "搜索url": "https://www.mzncn.com/search.php?searchword={wd}",
    "搜索模式": "1",
    "搜索后缀": "",
    "搜索二次截取": "",
    "搜索数组": "lazyload\"&&</a>",
    "搜索标题": "title=\"&&\"",
    "搜索图片": "data-original=\"&&\"",
    "搜索副标题": "text-right\">&&<",
    "搜索链接": "href=\"&&\"",
    "筛选": "1",
    "类型": "动作片$14#喜剧片$15#爱情片$16#科幻片$17#恐怖片$18#剧情片$19#战争片$20#纪录片$21||国产剧$5#香港剧$6#台湾剧$7#欧美剧$8#韩国剧$9#日本剧$10#泰国剧$11#海外剧$12#精品短剧$13||大陆综艺$22#港台综艺$23#日韩综艺$24#欧美综艺$25||国产动漫$26#日本动漫$27#欧美动漫$28#海外动漫$29#动漫电影$30",
    "剧情": "",
    "剧情值": "*",
    "地区": "",
    "地区值": "*",
    "年份": "",
    "年份值": "*",
    "语言": "",
    "语言值": "*",
    "字母": "A&B&C&D&E&F&G&H&I&J&K&L&M&N&O&P&Q&R&S&T&U&V&W&X&Y&Z&0-9",
    "字母值": "*",
    "排序": "时间&人气&评分",
    "排序值": "time&hits&score"
}