{
    "作者": "",
    "站名": "",
    "请求头": "User-Agent$MOBILE_UA",
    "编码": "UTF-8",
    "图片代理": "0",
    "主页url": "https://www.pipiysb.com",
    "首页": "120",
    "起始页": "1",
    "分类url": "https://www.pipiysb.com/{cateId}/page/{catePg}/;;mrcd0",
    "分类": "电影&剧集&美剧&国产剧&韩剧&番剧&高分电影&热门播放&评分榜",
    "分类值": "films&tv&classify/meiju&classify/guochan&classify/hanju&classify/fanju&imdb&trending&ratings",
    "二次截取": "",
    "数组": "<article id=\"post&&</article>",
    "标题": "alt=\"&&\"",
    "图片": "src=\"&&\"",
    "副标题": "update\">&&<",
    "链接": "href=\"&&\"",
    "影片年代": "年份：&&</a>",
    "影片地区": "地区：&&</li>",
    "影片类型": "类型：&&</li>",
    "状态": "状态：&&</li>",
    "导演": "导演：&&</li>",
    "主演": "主演：&&</li>",
    "简介": "👶+简介：&&</p>",
    "线路二次截取": "",
    "线路数组": "module-tab-item tab-item&&/small>",
    "线路标题": "👶+>&&</span>+【共+<small>&&<+集】",
    "播放二次截取": "return {&&tables:[],",
    "播放数组": "videourls:[[&&]]",
    "播放列表": "{&&}",
    "播放标题": "name\":&&,",
    "播放链接": "url\":&&,",
    "解析": "",
    "直接播放": "0",
    "播放请求头": "",
    "嗅探词": ".mp4#.m3u8",
    "过滤词": "",
    "跳转播放链接": "",
    "跳转解析": "",
    "搜索请求头": "User-Agent$MOBILE_UA",
    "搜索url": "/index.php/ajax/suggest?mid=1&wd={wd}&page={pg}&limit=30;post;wd={wd}&page={pg}",
    "搜索模式": "1",
    "搜索后缀": "",
    "搜索二次截取": "",
    "搜索数组": "lazyload\"&&</a>",
    "搜索标题": "title=\"&&\"",
    "搜索图片": "data-original=\"&&\"",
    "搜索副标题": "text-right\">&&<",
    "搜索链接": "href=\"&&\"",
    "筛选": "1",
    "类型": "",
    "剧情": "",
    "剧情值": "*",
    "地区": "",
    "地区值": "*",
    "年份": "",
    "年份值": "*",
    "语言": "",
    "语言值": "*",
    "字母": "A&B&C&D&E&F&G&H&I&J&K&L&M&N&O&P&Q&R&S&T&U&V&W&X&Y&Z&0-9",
    "字母值": "*",
    "排序": "时间&人气&评分",
    "排序值": "time&hits&score"
}