{
    "作者": "",
    "站名": "",
    "请求头": "User-Agent$MOBILE_UA",
    "编码": "UTF-8",
    "图片代理": "0",
    "主页url": "https://kpkuang.bond/",
    "首页": "120",
    "起始页": "1",
    "分类url": "https://kpkuang.bond/vodshow/{cateId}-{area}-{by}------{catePg}---{year}--.html;;mrcd0",
    "分类": "电影&剧集&综艺&动漫&短剧",
    "分类值": "1&2&3&4&37",
    "二次截取": "",
    "数组": "fed-lazy&&</a>",
    "标题": "title=\"&&\"",
    "图片": "data-original=\"&&\"",
    "副标题": "position-bottom\">&&<",
    "链接": "href=\"&&\"",
    "影片年代": "年份：&&</li>",
    "影片地区": "地区：&&</li>",
    "影片类型": "分类：&&</li>",
    "状态": "更新：&&</li>",
    "导演": "导演：&&</li>",
    "主演": "主演：&&</li>",
    "简介": "👶+剧情简介：&&</div>",
    "线路二次截取": "",
    "线路数组": "fed-drop-btns&&</li>",
    "线路标题": "👶+data-linename=\"&&\"",
    "播放二次截取": "yunlist\">&&id=\"p_speed",
    "播放数组": "<ul class=\"fed-part-rows&&</ul>",
    "播放列表": "<a&&/a>",
    "播放标题": ">&&<",
    "播放链接": "href=\"&&\"",
    "解析": "",
    "直接播放": "0",
    "播放请求头": "",
    "嗅探词": ".mp4#.m3u8",
    "过滤词": "",
    "跳转播放链接": "data-play=\"&&\"",
    "跳转解析": "data-pars=\"&&\"",
    "搜索请求头": "User-Agent$MOBILE_UA",
    "搜索url": "https://kpkuang.bond/vodsearch/{wd}----------{pg}---.html",
    "搜索模式": "1",
    "搜索后缀": "",
    "搜索二次截取": "",
    "搜索数组": "fed-lazy&&</a>",
    "搜索标题": "title=\"&&\"",
    "搜索图片": "data-original=\"&&\"",
    "搜索副标题": "back-green\">&&<",
    "搜索链接": "href=\"&&\"",
    "筛选": "1",
    "类型": "动作片$6#喜剧片$7#爱情片$8#科幻片$9#恐怖片$10#剧情片$11#战争片$12#纪录片$29||国产剧$13#港剧$14#日剧$15#欧美剧$16#韩剧$23#越南剧$22#泰剧$21#台剧$20||空||空||爽文短剧$36#现代都市$39#脑洞悬疑$40#年代穿越$41#古装仙侠$42#反转爽剧$43#女频恋爱$44#成长逆袭$45",
    "剧情": "",
    "剧情值": "*",
    "地区": "",
    "地区值": "*",
    "年份": "",
    "年份值": "*",
    "语言": "",
    "语言值": "*",
    "字母": "A&B&C&D&E&F&G&H&I&J&K&L&M&N&O&P&Q&R&S&T&U&V&W&X&Y&Z&0-9",
    "字母值": "*",
    "排序": "时间&人气&评分",
    "排序值": "time&hits&score"
}