{
    "作者": "",
    "站名": "",
    "请求头": "User-Agent$MOBILE_UA",
    "编码": "UTF-8",
    "图片代理": "0",
    "主页url": "https://www.djw5.com/",
    "首页": "120",
    "起始页": "1",
    "分类url": "https://www.djw5.com/w/{cateId}-{area}-{by}-{class}-{lang}-{letter}---{catePg}---{year}.html;;mrcd0",
    "分类": "电视剧$dianshiju#女频恋爱$nvpinlianai#现代都市$xiandaidushi#反转爽剧$fanzhuanshuangju#年代穿越$niandaichuanyue#古装仙侠$guzhuangxianxia#脑洞悬疑$naodongxuanyi#有声动漫$youshengdongman",
    "二次截取": "",
    "数组": "/v&&</a>",
    "标题": "title=\"&&\"",
    "图片": "data-original=\"&&\"",
    "副标题": "module-item-note\">&&<",
    "链接": "/v/+/&&\"",
    "影片年代": "-----------*.html\">&&</a>",
    "影片地区": "-*----------.html\">&&</div>",
    "影片类型": "---*--------.html\"&&</div>",
    "状态": "备注：&&</div>",
    "导演": "导演：&&</div>",
    "主演": "主演：&&</div>",
    "简介": "👶+introduction-content\">&&</p>",
    "线路二次截取": "",
    "线路数组": "module-tab-item tab-item&&/small>",
    "线路标题": "👶+>&&</span>+【共+<small>&&<+集】",
    "播放二次截取": "",
    "播放数组": "module-play-list\">&&</div>",
    "播放列表": "<a&&/a>",
    "播放标题": ">&&</span",
    "播放链接": "href=\"&&\"",
    "解析": "",
    "直接播放": "0",
    "播放请求头": "",
    "嗅探词": ".mp4#.m3u8",
    "过滤词": "",
    "跳转播放链接": "var player_*url\":\"&&\"",
    "跳转解析": "",
    "搜索请求头": "User-Agent$MOBILE_UA",
    "搜索url": "https://www.djw5.com/jdw/{wd}----------{pg}---.html",
    "搜索模式": "1",
    "搜索后缀": "",
    "搜索二次截取": "",
    "搜索数组": "module-item-cover\">&&</strong>",
    "搜索标题": "alt=\"&&\"",
    "搜索图片": "data-original=\"&&\"",
    "搜索副标题": "module-item-note\">&&<",
    "搜索链接": "href=\"&&\"",
    "筛选": "1",
    "类型": "",
    "剧情": "都市&赘婿&战神&古代言情&现代言情&历史&脑洞&玄幻&电视节目&搞笑&网剧&喜剧&萌宝&神豪&致富&奇幻脑洞&超能&强者回归&甜宠&励志&豪门恩怨&复仇&长生&神医&马甲&亲情&小人物&奇幻&无敌&现实&重生&闪婚&职场商战&穿越&年代&权谋&高手下山&悬疑&家国情仇&虐恋&古装&时空之旅&玄幻仙侠&欢喜冤家&传承觉醒&情感&逆袭&家庭",
    "剧情值": "*",
    "地区": "",
    "地区值": "*",
    "年份": "",
    "年份值": "*",
    "语言": "",
    "语言值": "*",
    "字母": "A&B&C&D&E&F&G&H&I&J&K&L&M&N&O&P&Q&R&S&T&U&V&W&X&Y&Z&0-9",
    "字母值": "*",
    "排序": "时间&人气&评分",
    "排序值": "time&hits&score"
}