{
    "作者": "",
    "站名": "",
    "请求头": "User-Agent$MOBILE_UA",
    "编码": "UTF-8",
    "图片代理": "0",
    "主页url": "https://guohans.com",
    "首页": "120",
    "起始页": "1",
    "分类url": "https://guohans.com/vodshow/{cateId}-{area}-{by}-{class}-{lang}-{letter}---{catePg}---{year}.html;;mrcd0",
    "分类": "电影&剧集&综艺&动漫&短剧",
    "分类值": "1&2&3&4&36",
    "二次截取": "",
    "数组": "lazyload\"&&</a>",
    "标题": "title=\"&&\"",
    "图片": "data-original=\"&&\"",
    "副标题": "text-right\">&&<",
    "链接": "href=\"&&\"",
    "影片年代": "年份：&&</p>",
    "影片地区": "地区：&&</p>",
    "影片类型": "类型：&&</p>",
    "状态": "更新：&&</p>",
    "导演": "导演：&&</p>",
    "主演": "主演：&&</p>",
    "简介": "👶+<p class=\"col-pd\">&&</p>",
    "线路二次截取": "nav nav-tabs&&</ul",
    "线路数组": "#down&&/a>",
    "线路标题": "👶+>&&<",
    "播放二次截取": "",
    "播放数组": "<ul class=\"stui-content__playlist&&</ul>",
    "播放列表": "<a&&/a>",
    "播放标题": ">&&<",
    "播放链接": "href=\"&&\"",
    "解析": "",
    "直接播放": "0",
    "播放请求头": "",
    "嗅探词": ".mp4#.m3u8",
    "过滤词": "",
    "跳转播放链接": "var player_*url\":\"&&\"",
    "跳转解析": "",
    "搜索请求头": "User-Agent$MOBILE_UA",
    "搜索url": "https://guohans.com/vodsearch/{wd}----------{pg}---.html",
    "搜索模式": "1",
    "搜索后缀": "",
    "搜索二次截取": "",
    "搜索数组": "lazyload\"&&</a>",
    "搜索标题": "title=\"&&\"",
    "搜索图片": "data-original=\"&&\"",
    "搜索副标题": "text-right\">&&<",
    "搜索链接": "href=\"&&\"",
    "筛选": "1",
    "类型": "动作片$6#喜剧片$7#爱情片$8#科幻片$9#恐怖片$10#剧情片$11#战争片$12#纪录片$24#香港片$44||国产剧$13#港剧$14#台湾剧$15#韩剧$21#日剧$16#泰剧$20#欧美剧$22#海外剧$23||大陆综艺$25#日韩综艺$27#港台综艺$26#欧美综艺$28||国产动漫$29#日韩动漫$30#欧美动漫$32#港台动漫$31#有声动漫$33#海外动漫$34||热血剧情$43#女频恋爱$37#反转爽剧$38#古装仙侠$42#年代穿越$39#脑洞悬疑$40#现代都市$41",
    "剧情": "",
    "剧情值": "*",
    "地区": "",
    "地区值": "*",
    "年份": "",
    "年份值": "*",
    "语言": "",
    "语言值": "*",
    "字母": "A&B&C&D&E&F&G&H&I&J&K&L&M&N&O&P&Q&R&S&T&U&V&W&X&Y&Z&0-9",
    "字母值": "*",
    "排序": "时间&人气&评分",
    "排序值": "time&hits&score"
}