{
    "作者": "",
    "站名": "",
    "请求头": "User-Agent$MOBILE_UA",
    "编码": "UTF-8",
    "图片代理": "0",
    "主页url": "http://www.miaolaoji.com/",
    "首页": "120",
    "起始页": "1",
    "分类url": "http://www.miaolaoji.com/show/{cateId}-{area}-{by}-{class}-{lang}-{letter}---{catePg}---{year}.html;;mrcd0",
    "分类": "电影&剧集&综艺&动漫&短剧",
    "分类值": "1&2&3&4&30",
    "二次截取": "",
    "数组": "pic-img\"&&</a>",
    "标题": "title=\"&&\"",
    "图片": "data-original=\"&&\"",
    "副标题": "titles\">&&<",
    "链接": "href=\"&&\"",
    "影片年代": "年代：&&</div>",
    "影片地区": "地区：&&</div>",
    "影片类型": "类型：&&</div>",
    "状态": "更新时间：&&</div>",
    "导演": "导演：&&</div>",
    "主演": "主演：&&</div>",
    "简介": "👶+简介：&&</p>",
    "线路二次截取": "",
    "线路数组": "#con_playlist&&</li>",
    "线路标题": "👶+>&&</a>",
    "播放二次截取": "",
    "播放数组": "id=\"con_playlist&&</ul>",
    "播放列表": "<a&&/a>",
    "播放标题": ">&&<",
    "播放链接": "href=\"&&\"",
    "解析": "",
    "直接播放": "0",
    "播放请求头": "",
    "嗅探词": ".mp4#.m3u8",
    "过滤词": "",
    "跳转播放链接": "var player_*url\":\"&&\"",
    "跳转解析": "",
    "搜索请求头": "User-Agent$MOBILE_UA",
    "搜索url": "http://www.miaolaoji.com/type/id.html?wd={wd}",
    "搜索模式": "1",
    "搜索后缀": "",
    "搜索二次截取": "",
    "筛选": "1",
    "类型": "动作片$7#喜剧片$8#爱情片$9#科幻片$10#恐怖片$11#剧情片$12#犯罪片$29#战争片$13#伦理片$36#里番动漫$38#日韩解说$37||国产剧$14#港剧$15#台湾剧$16#韩剧$17#日剧$18#泰剧$31#欧美剧$19#海外剧$20||大陆综艺$21#日韩综艺$22#港台综艺$23#欧美综艺$24||国产动漫$25#日本动漫$26#欧美动漫$27#海外动漫$28||现代都市$39#反转爽剧$41#古装仙侠$42#年代穿越$43#脑洞悬疑$44#女频恋爱$45",
    "剧情": "",
    "剧情值": "*",
    "地区": "",
    "地区值": "*",
    "年份": "",
    "年份值": "*",
    "语言": "",
    "语言值": "*",
    "字母": "A&B&C&D&E&F&G&H&I&J&K&L&M&N&O&P&Q&R&S&T&U&V&W&X&Y&Z&0-9",
    "字母值": "*",
    "排序": "时间&人气&评分",
    "排序值": "time&hits&score"
}