{
    "作者": "",
    "站名": "",
    "请求头": "User-Agent$MOBILE_UA",
    "编码": "UTF-8",
    "图片代理": "0",
    "主页url": "https://trtag.com/index.html",
    "首页": "120",
    "起始页": "1",
    "分类url": "https://trtag.com/search.php?page={catePg}&searchtype=5&order={by}&tid={cateId}&area={area}&year={year}&letter=&yuyan=&state=&money=&ver=&jq=;;mrcd0",
    "分类": "电影&剧集&综艺&动漫",
    "分类值": "1&2&3&4",
    "二次截取": "",
    "数组": "link-hover\"&&</a>",
    "标题": "title=\"&&\"",
    "图片": "data-original=\"&&\"",
    "副标题": "back-green\">&&<",
    "链接": "href=\"&&\"",
    "影片年代": "年份：&&</dd>",
    "影片地区": "地区：&&</dd>",
    "影片类型": "类型：&&</dt>",
    "状态": "状态：&&</dt>",
    "导演": "导演：&&</dt>",
    "主演": "主演：&&</dt>",
    "简介": "👶+简介:&&</div>",
    "线路二次截取": "class=\"playfrom&&</div",
    "线路数组": "<li&&/li>",
    "线路标题": "👶+</i>&&<",
    "播放二次截取": "",
    "播放数组": "videourl clearfix\">&&</ul>",
    "播放列表": "<a&&/a>",
    "播放标题": ">&&<",
    "播放链接": "href=\"&&\"",
    "解析": "",
    "直接播放": "0",
    "播放请求头": "",
    "嗅探词": ".mp4#.m3u8",
    "过滤词": "",
    "跳转播放链接": "var now=\"&&\"",
    "跳转解析": "",
    "搜索请求头": "User-Agent$MOBILE_UA",
    "搜索url": "https://trtag.com/search.php?page={pg}&searchword={wd}&searchtype=",
    "搜索模式": "1",
    "搜索后缀": "",
    "搜索二次截取": "",
    "搜索数组": "link-hover\"&&</a>",
    "搜索标题": "title=\"&&\"",
    "搜索图片": "data-original=\"&&\"",
    "搜索副标题": "back-green\">&&<",
    "搜索链接": "href=\"&&\"",
    "筛选": "1",
    "类型": "动作片$5#喜剧片$10#爱情片$6#科幻片$7#恐怖片$8#剧情片$12#战争片$9#犯罪片$13#短剧片$28||大陆剧$13#港台剧$14#欧美剧$15#日韩剧$16||空||空",
    "剧情": "",
    "剧情值": "*",
    "地区": "",
    "地区值": "*",
    "年份": "",
    "年份值": "*",
    "语言": "",
    "语言值": "*",
    "字母": "A&B&C&D&E&F&G&H&I&J&K&L&M&N&O&P&Q&R&S&T&U&V&W&X&Y&Z&0-9",
    "字母值": "*",
    "排序": "时间&人气&评分",
    "排序值": "time&hits&score"
}