{
    "作者": "",
    "站名": "",
    "请求头": "User-Agent$MOBILE_UA",
    "编码": "UTF-8",
    "图片代理": "0",
    "主页url": "https://www.nehome.net/neh-tvcat/1.html",
    "首页": "120",
    "起始页": "1",
    "分类url": "https://www.nehome.net/neh-tvcat/{cateId}-y0-p{catePg}-o1.html;;mrcd0",
    "分类": "电影&剧集&综艺&动漫",
    "分类值": "1-c0-a0&2-c0-a0&4-c0-a0&3-c0-a0",
    "二次截取": "",
    "数组": "/neh-tv&&</a>",
    "标题": "title=\"&&\"",
    "图片": "data-original=\"&&\"",
    "副标题": "text-right\">&&<",
    "链接": "/neh-tv/+/&&\"",
    "影片年代": "年代：&&</li>",
    "影片地区": "地区：&&</li>",
    "影片类型": "类型：&&</li>",
    "状态": "状态：&&</li>",
    "导演": "导演：&&</li>",
    "主演": "主演：&&</li>",
    "简介": "👶+简介：&&</p>",
    "线路二次截取": "",
    "线路数组": "play-list-toggle&&</li>",
    "线路标题": "👶+>&&</a>",
    "播放二次截取": "",
    "播放数组": "<ul class=\"play-list&&</ul>",
    "播放列表": "<a&&/a>",
    "播放标题": ">&&<",
    "播放链接": "href=\"&&\"",
    "解析": "",
    "直接播放": "0",
    "播放请求头": "",
    "嗅探词": ".mp4#.m3u8",
    "过滤词": "",
    "跳转播放链接": "var player_*url\":\"&&\"",
    "跳转解析": "",
    "搜索请求头": "User-Agent$MOBILE_UA",
    "搜索url": "https://www.nehome.net/neh-so.html?wd={wd}",
    "搜索模式": "1",
    "搜索后缀": "",
    "搜索二次截取": "",
    "搜索数组": "img-pic\"&&</a>",
    "搜索标题": "title=\"&&\"",
    "搜索图片": "data-original=\"&&\"",
    "搜索副标题": "text-right\">&&<",
    "搜索链接": "href=\"&&\"",
    "筛选": "1",
    "类型": "纪录片$1-c5-a0#动作片$1-c7-a0#喜剧片$1-c8-a0#爱情片$1-c9-a0#科幻片$1-c10-a0#恐怖片$1-c11-a0#剧情片$1-c12-a0#战争片$1-c13-a0#记录片$1-c14-a0#动画片$1-c15-a0#犯罪片$1-c33-a0#奇幻片$1-c34-a0#悬疑片$1-c35-a0#大陆$1-c0-a1#日本$1-c0-a2#欧美$1-c0-a3#韩国$1-c0-a4#其他$1-c0-a99#港台$1-c0-a5#泰国$1-c0-a6||国产剧$2-c17-a0#台湾剧$2-c18-a0#韩国剧$2-c19-a0#欧美剧$2-c20-a0#香港剧$2-c21-a0#泰国剧$2-c22-a0#日本剧$2-c23-a0#海外剧$2-c24-a0#泰剧$2-c36-a0#短剧$2-c42-a0#大陆$2-c0-a1#日本$2-c0-a2#欧美$2-c0-a3#韩国$2-c0-a4#其他$2-c0-a99#港台$2-c0-a5#泰国$2-c0-a6||大陆综艺$4-c25-a0#港台综艺$4-c26-a0#日韩综艺$4-c27-a0#欧美综艺$4-c28-a0#大陆$4-c0-a1#日本$4-c0-a2#欧美$4-c0-a3#韩国$4-c0-a4#其他$4-c0-a99#港台$4-c0-a5#泰国$4-c0-a6||港台动漫$3-c37-a0#国产动漫$3-c29-a0#日韩动漫$3-c30-a0#欧美动漫$3-c31-a0#海外动漫$3-c32-a0#大陆$3-c0-a1#日本$3-c0-a2#欧美$3-c0-a3#韩国$3-c0-a4#其他$3-c0-a99#港台$3-c0-a5#泰国$3-c0-a6",
    "剧情": "",
    "剧情值": "*"
}