{
    "作者": "",
    "站名": "",
    "请求头": "User-Agent$MOBILE_UA",
    "编码": "UTF-8",
    "图片代理": "0",
    "主页url": "https://www.schicklernext.com",
    "首页": "120",
    "起始页": "1",
    "分类url": "/vodshow/{cateId}-{area}-{by}-{class}-{lang}-{letter}---{catePg}---{year}.html;;mrcd0",
    "分类": "电影&剧集&综艺&动漫&短剧",
    "分类值": "R0000R&u0000R&T0000R&g0000R&q0000R",
    "二次截取": "",
    "数组": "lazyload\"&&</a>",
    "标题": "title=\"&&\"",
    "图片": "data-original=\"&&\"",
    "副标题": "text-right\">&&<",
    "链接": "href=\"&&\"",
    "影片年代": "年份：&&</p>",
    "影片地区": "地区：&&</p>",
    "影片类型": "类型：&&</p>",
    "状态": "状态：&&</p>",
    "导演": "导演：&&</p>",
    "主演": "主演：&&</p>",
    "简介": "👶请不要相信视频中任何广告！！！+content__desc col-pd clearfix\">&&</div>",
    "线路二次截取": "vodplay__nav\">&&</div",
    "线路数组": "<a&&/a>",
    "线路标题": "👶+playlist-*>&&<+【共+text-muted\">&&<+集】",
    "播放二次截取": "",
    "播放数组": "stui-content__playlist&&</ul>",
    "播放列表": "<a&&/a>",
    "播放标题": ">&&<",
    "播放链接": "href=\"&&\"",
    "解析": "",
    "直接播放": "0",
    "播放请求头": "",
    "嗅探词": ".mp4#.m3u8",
    "过滤词": "",
    "跳转播放链接": "var player_*url\":\"&&\"",
    "跳转解析": "",
    "搜索请求头": "User-Agent$MOBILE_UA",
    "搜索url": "/index.php/ajax/suggest?mid=1&wd={wd}&page={pg}&limit=30",
    "搜索模式": "1",
    "搜索二次截取": "list\":\\[&&\\]",
    "搜索数组": "{&&}",
    "搜索标题": "name\":\"&&\"",
    "搜索图片": "pic\":\"&&\"",
    "搜索副标题": "en\":\"&&\"",
    "搜索链接": "/suoervod/+id\":&&,+.html",
    "筛选": "1",
    "类型": "喜剧片$w0000R#动作片$60000R#爱情片$C0000R#科幻片$V0000R#恐怖片$h0000R#悬疑片$l0000R#剧情片$x0000R#战争片$F0000R#犯罪片$y0000R#奇幻片$A0000R#灾难片$Q0000R#冒险片$Y0000R#惊悚片$uR000R#纪录片$e0000R#电影解说$W0000R||国产剧$70000R#港台剧$t0000R#韩剧$B0000R#欧美剧$H0000R#日剧$p0000R#泰剧$40000R#海外剧$50000R||大陆综艺$90000R#港台综艺$X0000R#日韩综艺$a0000R#欧美综艺$o0000R||国产动漫$80000R#日韩动漫$D0000R#港台动漫$j0000R#欧美动漫$M0000R#动漫电影$S0000R||空",
    "剧情": "",
    "剧情值": "*",
    "地区": "",
    "地区值": "*",
    "年份": "",
    "年份值": "*",
    "语言": "",
    "语言值": "*",
    "字母": "A&B&C&D&E&F&G&H&I&J&K&L&M&N&O&P&Q&R&S&T&U&V&W&X&Y&Z&0-9",
    "字母值": "*",
    "排序": "时间&人气&评分",
    "排序值": "time&hits&score"
}