{
    "作者": "",
    "站名": "",
    "请求头": "User-Agent$MOBILE_UA",
    "编码": "UTF-8",
    "图片代理": "0",
    "主页url": "https://www.luodaniang.com/",
    "首页": "120",
    "起始页": "1",
    "分类url": "https://www.luodaniang.com/dlist-g{cateId}/{class}_{area}_{year}_{by}_{catePg}.html;;mrcd0",
    "分类": "电影&剧集&综艺&动漫",
    "分类值": "dianying&series&lives&anime",
    "二次截取": "",
    "数组": "/vdata&&</h3>",
    "标题": "title=\"&&\"",
    "图片": "data-original=\"&&\"",
    "副标题": "tag1 eFzGfy\">&&</div",
    "链接": "/vdata/+/&&\"",
    "影片年代": "年份：&&</div>",
    "影片地区": "地区：&&</div>",
    "影片类型": "类型：&&</li>",
    "状态": "状态：&&</div>",
    "导演": "导演：&&</div>",
    "主演": "主演：&&</li>",
    "简介": "👶请不要相信视频中任何广告！！！+description\" content=\"&&\">",
    "线路二次截取": "",
    "线路数组": "play-button&&/a>",
    "线路标题": "👶罗达专线+>&&<",
    "播放二次截取": "",
    "播放数组": "class=\"tab-content active&&</div>",
    "播放列表": "<a&&/a>",
    "播放标题": ">&&<",
    "播放链接": "href=\"&&\"",
    "跳转数组": "movie-poster&&</a>",
    "跳转链接": "href=\"&&\"",
    "解析": "",
    "直接播放": "0",
    "播放请求头": "",
    "嗅探词": ".mp4#.m3u8",
    "过滤词": "",
    "跳转播放链接": "",
    "跳转解析": "",
    "搜索请求头": "User-Agent$MOBILE_UA",
    "搜索url": "https://www.luodaniang.com/soo/?wd={wd}",
    "搜索模式": "1",
    "搜索后缀": "",
    "搜索二次截取": "",
    "筛选": "1",
    "类型": "",
    "剧情": "剧情片$juqing#喜剧片$xiju#爱情片$aiqing#动作片$dongzuo#惊悚片$jingsong#犯罪片$fanzui#恐怖片$kongbu#悬疑片$xuanyi#奇幻片$qihuan#冒险片$maoxian#科幻片$kehuan#战争片$zhanzheng#家庭片$jiating#历史片$lishi#古装片$guzhuang#传记片$zhuanji#音乐片$yinyue#武侠片$wuxia#运动片$yundong#同性片$tongxing#情色片$qingse#伦理片$lunli#歌舞片$gewu#儿童片$ertong#灾难片$zainan#戏曲片$xiqu||剧情$juqing#爱情$aiqing#喜剧$xiju#悬疑$xuanyi#犯罪$fanzui#古装$guzhuang#动作$dongzuo#奇幻$qihuan#惊悚$jingsong#家庭$jiating#科幻$kehuan#历史$lishi#战争$zhanzheng#冒险$maoxian#同性$tongxing#恐怖$kongbu#武侠$wuxia#传记$zhuanji#短片$duanpian#音乐$yinyue#儿童$ertong#动画$donghua#歌舞$gewu#故事$gushi#灾难$zainan#美食$meishi||音乐$yinyue#歌舞$gewu#节目$jiemu#喜剧$xiju#剧情$juqing#爱情$aiqing#历史$lishi#综艺$zongyi#运动$yundong#犯罪$fanzui#悬疑$xuanyi#冒险$maoxian#晚会$wanhui#儿童$ertong#家庭$jiating#明星$mingxing#故事$gushi#旅行$lvxing#演艺$yanyi#伦理$lunli||动画$donghua#喜剧$xiju#剧情$juqing#冒险$maoxian#奇幻$qihuan#动作$dongzuo#科幻$kehuan#爱情$aiqing#家庭$jiating#短片$duanpian#悬疑$xuanyi#儿童$ertong#惊悚$jingsong#犯罪$fanzui#运动$yundong#武侠$wuxia#古装$guzhuang#音乐$yinyue#恐怖$kongbu#战争$zhanzheng#歌舞$gewu#同性$tongxing#历史$lishi#电影$dianying#情色$qingse#搞笑$gaoxiao",
    "地区": "中国大陆$zhongguodalu#美国$meiguo#香港$xianggang#日本$riben#英国$yingguo#法国$faguo#德国$deguo#韩国$hanguo#加拿大$jianada#中国台湾$zhongguotaiwan#意大利$yidali#大陆$dalu#印度$yindu#西班牙$xibanya#澳大利亚$aodaliya#泰国$taiguo||大陆电视$zhongguodalu#美剧$meiguo#港剧$xianggana#日剧$riben#英国$yingguo#法国$faguo#德国$deguo#韩剧$hanguo#加拿大$jianada#台剧$zhongguotaiwan#意大利$yidali#印度$yindu#西班牙$xibanya#澳大利亚$aodaliya#泰剧$taiju||中国大陆$zhongguodalu#美国$meiguo#香港$xianggang#日本$riben#英国$yingguo#法国$faguo#德国$deguo#韩国$hanguo#加拿大$jianada#中国台湾$zhongguotaiwan#意大利$yidali#大陆$dalu#印度$yindu#西班牙$xibanya#澳大利亚$aodaliya#泰国$taiguo||中国大陆$zhongguodalu#美国$meiguo#香港$xianggang#日本$riben#英国$yingguo#法国$faguo#德国$deguo#韩国$hanguo#加拿大$jianada#中国台湾$zhongguotaiwan#意大利$yidali#大陆$dalu#印度$yindu#西班牙$xibanya#澳大利亚$aodaliya#泰国$taiguo",
    "地区值": "*",
    "年份": "",
    "年份值": "*",
    "语言": "",
    "语言值": "*",
    "字母": "A&B&C&D&E&F&G&H&I&J&K&L&M&N&O&P&Q&R&S&T&U&V&W&X&Y&Z&0-9",
    "字母值": "*",
    "排序": "时间&人气&评分",
    "排序值": "time&hits&score"
}