{
    "作者": "",
    "站名": "",
    "请求头": "User-Agent$MOBILE_UA",
    "编码": "UTF-8",
    "图片代理": "0",
    "主页url": "https://www.guangzhiqi.com",
    "首页": "120",
    "起始页": "1",
    "分类url": "https://www.guangzhiqi.com/guasw/{cateId}-{area}-{by}-{class}-{lang}-{letter}---{catePg}---{year}.html;;mrcd0",
    "分类": "电影&剧集&综艺&动漫&短剧",
    "分类值": "1&2&3&4&5",
    "二次截取": "",
    "数组": "nofollow\"&&animate__flipInX",
    "标题": "title=\"&&\"",
    "图片": "data-src=\"&&\"",
    "副标题": "s4 text-left\">&&<",
    "链接": "href=\"&&\"[替换:guadetail>>guaplay#.html>>-1-1.html]",
    "影片年代": "年份：&&</a>",
    "影片地区": "地区：&&</li>",
    "影片类型": "tag nowrap\">&&</div>",
    "状态": "状态：&&</li>",
    "导演": "导演：&&</li>",
    "主演": "主演：&&</li>",
    "简介": "👶+ysinfotext\">&&</div>",
    "线路二次截取": "class=\"mxianlu animate&&</div",
    "线路数组": "<a&&/a>",
    "线路标题": "👶+>&&</small>",
    "播放二次截取": "",
    "播放数组": "id=\"player-sidebar&&class=\"xianlu",
    "播放列表": "<a&&</a>",
    "播放标题": "title=\"&&\"",
    "播放链接": "href=\"&&\"",
    "多线二次截取": "animate__fadeInUp&&</div>",
    "多线数组": "<a&&</a>",
    "多线链接": "href=\"&&\"",
    "解析": "",
    "直接播放": "0",
    "播放请求头": "",
    "嗅探词": ".mp4#.m3u8",
    "过滤词": "",
    "跳转播放链接": "var player_*url\":\"&&\"",
    "跳转解析": "",
    "搜索请求头": "User-Agent@Mozilla/5.0 (Linux；； Android 12；； RMX3370 Build/RKQ1.211103.002；； wv) AppleWebKit/537.36 (KHTML, like Gecko) Version/4.0 Chrome/136.0.7103.60 Mobile Safari/537.36&&Cookie@PHPSESSID=09vt21mr68tq9c5hr952phj1bq&&Accept@text/html,application/xhtml+xml,application/xml；；q=0.9,image/avif,image/webp,image/apng,*/*；；q=0.8,application/signed-exchange；；v=b3；；q=0.7&&Accept-Language@zh-CN,zh；；q=0.9",
    "搜索url": "https://www.guangzhiqi.com/guasc/{wd}----------{pg}---.html",
    "搜索模式": "1",
    "搜索后缀": "",
    "搜索二次截取": "",
    "搜索数组": "pic\"&&</li>",
    "搜索标题": "title=\"&&\"",
    "搜索图片": "data-src=\"&&\"",
    "搜索副标题": "state\">&&</div",
    "搜索链接": "href=\"&&\"[替换:guadetail>>guaplay#.html>>-1-1.html]",
    "筛选": "1",
    "类型": "动作片$6#喜剧片$7#爱情片$8#科幻片$9#恐怖片$10#剧情片$11#战争片$12#纪录片$13#悬疑片$14#犯罪片$15#奇幻片$16#动画片$31#预告片$32#||国产剧$17#港台剧$18#日韩剧$20#欧美剧$21#海外剧$22#||日韩综艺$24#欧美综艺$25#港台综艺$26#全部$3#||国产动漫$27#日韩动漫$28#欧美动漫$29#其他动漫$30#||空",
    "剧情": "喜剧&爱情&恐怖&动作&科幻&剧情&战争&警匪&犯罪&动画&奇幻&武侠&冒险&枪战&恐怖&悬疑&惊悚&经典$青春&文艺&微电影&古装&历史&运动&农村&儿童&网络电影$||古装&战争&青春偶像&喜剧&家庭&犯罪&动作&奇幻&剧情&历史&经典&乡村&情景&商战&网剧&其他&||选秀&情感&访谈&播报&旅游&音乐&美食&纪实&曲艺&生活&游戏互动&财经&求职&||情感&科幻&热血&推理&搞笑&冒险$萝莉&校园&动作&机战&运动&战争&少年&少女&社会&原创&亲子&益智&励志&其他&||空",
    "剧情值": "*",
    "地区": "大陆&香港&台湾&美国&法国&英国&日本&韩国$德国&泰国&印度&意大利&西班牙&加拿大&其他&||内地&韩国&香港&台湾&日本&美国&泰国&英国&新加坡&其他&||内地&港台&日韩&欧美&||国产&日本&欧美&其他&||空",
    "字母值": "*",
    "排序": "时间&人气&评分",
    "排序值": "time&hits&score"
}