{
    "作者": "年少轻狂",
    "站名": "发布页https://www.30sky.com/",
    "请求头": "User-Agent$MOBILE_UA",
    "编码": "UTF-8",
    "图片代理": "0",
    "主页url": "https://www.moxy.top",
    "首页": "120",
    "起始页": "1",
    "分类url": "https://www.moxy.top/show/area/{area}/by/{by}/class/{class}/id/{cateId}/lang/{lang}/letter/{letter}/page/{catePg}/year/{year}.html;mrcd0",
    "分类": "电影&剧集&综艺&动漫&短剧",
    "分类值": "dianying&dianshiju&zongyi&dongman&duanju",
    "二次截取": "",
    "数组": "public-list-exp&&</a>",
    "标题": "title=\"&&\"",
    "图片": "data-src=\"&&\"",
    "副标题": "hide ft2\">&&<",
    "链接": "href=\"&&\"",
    "影片年代": "年份：&&</li",
    "影片地区": "地区：&&</li",
    "影片类型": "类型：&&</li",
    "状态": "状态：&&</li>",
    "导演": "导演：&&</li>",
    "主演": "主演：&&</li>",
    "简介": "👶+简介：&&</li>",
    "线路二次截取": "anthology-tab nav&&</div",
    "线路数组": "<a&&/a>",
    "线路标题": "👶+>&&</span>",
    "播放二次截取": "",
    "播放数组": "anthology-list-play&&</ul>",
    "播放列表": "<a&&/a>",
    "播放标题": ">&&<",
    "播放链接": "href=\"&&\"",
    "解析": "",
    "直接播放": "0",
    "播放请求头": "",
    "嗅探词": ".mp4#.m3u8",
    "过滤词": "",
    "跳转播放链接": "Base64(var *(\"&&\"))",
    "跳转解析": "",
    "搜索请求头": "User-Agent$MOBILE_UA",
    "搜索url": "https://www.moxy.top/search/page/{pg}/wd/{wd}.html",
    "搜索模式": "1",
    "搜索后缀": "",
    "搜索二次截取": "",
    "搜索数组": "public-list-exp\"&&</a>",
    "搜索标题": "title=\"&&\"",
    "搜索图片": "data-src=\"&&\"",
    "搜索副标题": "hide ft2\">&&<",
    "搜索链接": "href=\"&&\"",
    "筛选": "1",
    "类型": "动作片$dongzuopian#喜剧片$xijupian#爱情片$aiqingpian#科幻片$kehuanpian#恐怖片$kongbupian#剧情片$juqingpian#战争片$zhanzhengpian#纪录片$jilupian||国产剧$guochanju#港台剧$gangtaiju#日韩剧$rihanju#欧美剧$oumeiju#海外剧$haiwaiju||国产剧$guochanju#港台剧$gangtaiju#日韩剧$rihanju#欧美剧$oumeiju#海外剧$haiwaiju#大陆综艺$daluzongyi#港台综艺$gangtaizongyi#日韩综艺$rihanzongyi#欧美综艺$oumeizongyi||国产动漫$guochandongman#港台动漫$gangtaidongman#日韩动漫$rihandongman#欧美动漫$oumeidongman#动漫电影$dongmandianying||空",
    "剧情": "",
    "剧情值": "*",
    "地区": "",
    "地区值": "*",
    "年份": "",
    "年份值": "*",
    "语言": "",
    "语言值": "*",
    "字母": "A&B&C&D&E&F&G&H&I&J&K&L&M&N&O&P&Q&R&S&T&U&V&W&X&Y&Z&0-9",
    "字母值": "*",
    "排序": "时间&人气&评分",
    "排序值": "time&hits&score"
}