{
    "作者": "",
    "站名": "",
    "请求头": "User-Agent$MOBILE_UA",
    "编码": "UTF-8",
    "图片代理": "0",
    "主页url": "https://hyygjg.com",
    "首页": "120",
    "起始页": "1",
    "分类url": "https://hyygjg.com/hhtop/{cateId}/area/{area}/by/{by}/lang/{lang}/letter/{letter}/page/{catePg}/year/{year}.html;;mrcd0",
    "分类": "电影&剧集&综艺&动漫",
    "分类值": "dianying&dianshiju&zongyi&dongmna",
    "二次截取": "module-list\">&&id=\"page[替换:module-footer>>module-item-cover]",
    "数组": "module-item-pic\">&&module-item-cover",
    "标题": "title=\"&&\"",
    "图片": "data-src=\"&&\"",
    "副标题": "module-item-text\">&&<",
    "链接": "href=\"&&\"",
    "影片年代": "year/*>&&</a>",
    "影片地区": "area/*>&&</div>",
    "影片类型": "class/*>&&</div>",
    "状态": "集数：&&</div>",
    "导演": "导演：&&</div>",
    "主演": "主演：&&</div>",
    "简介": "👶+content vod_content\">&&</span>",
    "线路二次截取": "",
    "线路数组": "module-tab-item tab-item&&/small>",
    "线路标题": "👶+>&&</span>+【共+<small>&&<+集】",
    "播放二次截取": "",
    "播放数组": "module-blocklist\">&&</div>",
    "播放列表": "<a&&/a>",
    "播放标题": ">&&</span",
    "播放链接": "href=\"&&\"",
    "解析": "",
    "直接播放": "0",
    "播放请求头": "",
    "嗅探词": ".mp4#.m3u8",
    "过滤词": "",
    "跳转播放链接": "var player_*url\":\"&&\"",
    "跳转解析": "",
    "搜索请求头": "User-Agent$MOBILE_UA",
    "搜索url": "https://hyygjg.com/hhcz{wd}/page/{pg}.html",
    "搜索模式": "1",
    "搜索后缀": "",
    "搜索二次截取": "",
    "搜索数组": "module-item-pic\">&&</strong>",
    "搜索标题": "title=\"&&\"",
    "搜索图片": "data-src=\"&&\"",
    "搜索副标题": "title=\"*>&&</a",
    "搜索链接": "href=\"&&\"",
    "筛选": "1",
    "类型": "动作片$dzp#科幻片$khp#战争片$zzp#恐怖片$kbp#喜剧片$xjp#爱情片$aqp#剧情片$jqp#伦理片$llp||国产剧$gcj#热门短剧$rmdj#港台剧$gtj#日韩剧$rhj#海外剧$hwj||空||空",
    "剧情": "",
    "剧情值": "*",
    "地区": "",
    "地区值": "*",
    "年份": "",
    "年份值": "*",
    "语言": "",
    "语言值": "*",
    "字母": "A&B&C&D&E&F&G&H&I&J&K&L&M&N&O&P&Q&R&S&T&U&V&W&X&Y&Z&0-9",
    "字母值": "*",
    "排序": "时间&人气&评分",
    "排序值": "time&hits&score"
}