{
    "作者": "🐉龍哥🐉",
    "站名": "超景影院",
    "编码": "UTF-8",
    "请求头": "User-Agent$MOBILE_UA",
    "主页url": "http://www.yanbianmayizuche.com/",
    "首页": "200",
    "数组": "class=\"pic-img&&</li>",
    "简介": "article-content\"> &&</div>",
    "副标题": "titles\">&&</span>",
    "标题": "title=\"&&\"",
    "图片": "data-original=\"&&\"",
    "搜索模式": "1",
    "线路数组": "#con_playlist&&</li>",
    "线路标题": ">&&</a>",
    "播放数组": "id=\"con_playlist&&</ul>",
    "起始页": "1",
    "分类url": "http://www.yanbianmayizuche.com/show/{cateId}-{area}-{by}-{class}-{lang}-{letter}---{catePg}---{year}.html;;mrcd0",
    "链接": "href=\"&&\"",
    "跳转播放链接": "var player_*\"url\":\"&&\"",
    "分类": "电影$dianying#电视剧$dianshiju#综艺$zongyi#动漫$dongman",
    "搜索请求头": "User-Agent$MOBILE_UA",
    "搜索url": "/rss/index.xml?wd={wd}&cyvodpage={pg}",
    "搜索数组": "<item>&&</item>",
    "搜索标题": "<title>&&</title>[替换: *>>空]",
    "搜索图片": "<link>&&</link>",
    "搜索副标题": "<title>&&</title>[替换:* >>空]",
    "搜索链接": "<link>&&</link>",
    "跳转搜索图片": "lazyload\"*data-original=\"&&\"",
    "筛选": "1",
    "类型": "动作片$dongzuopian#喜剧片$xijupian#爱情片$aiqingpian#科幻片$kehuanpian#伦理片$lunlipian#恐怖片$kongbupian#剧情片$juqingpian#战争片$zhanzhengpian#惊悚片$jingsongpian#家庭片$jiatingpian#古装片$guzhangpian#历史片$lishipian#悬疑片$xianyipian#犯罪片$fanzuipian#灾难片$zainanpian#记录片$jilupian#动画片$donghuapian||香港剧$xianggangju#欧美剧$oumeiju#台湾剧$taiwanju#日本剧$ribenju#国产剧$guochanju#海外剧$haiwaiju#泰国剧$taiguoju||大陆综艺$daluzongyi#港台综艺$gangtaizongyi#日韩综艺$rihanzongyi#欧美综艺$oumeizongyi||国产动漫$guochandongman#欧美动漫$oumeidongman#日本动漫$ribendongman#里番动漫$lifandongman"
}