{
    "作者": "",
    "站名": "https://www.kanju80.com",
    "请求头": "User-Agent$MOBILE_UA",
    "编码": "UTF-8",
    "图片代理": "0",
    "主页url": "https://www.kanju8.com/",
    "首页": "120",
    "起始页": "1",
    "分类url": "https://www.kanju8.com/jumu{cateId}-type-{class}--{year}--{by}---page{catePg}.html;;mrcd1",
    "分类": "全部$7#港剧$8#台剧$9#美剧$10#韩剧$11#日剧$12#泰剧$13#其他$14#2$2",
    "二次截取": "line-middle\">&&margin-top hidden[替换:pages text>>cat_list_vod]",
    "数组": "float-left vpic&&cat_list_vod",
    "标题": "title=\"&&\"",
    "图片": "src=\"&&\"",
    "副标题": "<i>&&<",
    "链接": "href=\"&&\"",
    "影片年代": "时间：&&</p>",
    "影片地区": "地区: &&</p>",
    "影片类型": "类型：&&</p>",
    "状态": "备注:&&</p>",
    "导演": "导演: &&</p>",
    "主演": "主演: &&</p>",
    "简介": "👶+剧情简介：&&</div>",
    "线路二次截取": "",
    "线路数组": "float-right text-right&&</h3>",
    "线路标题": "👶+</i>&&<",
    "播放二次截取": "",
    "播放数组": "panel-body\">&&</div>",
    "播放列表": "<a&&/a>",
    "播放标题": ">&&<",
    "播放链接": "href=\"&&\"",
    "解析": "",
    "直接播放": "0",
    "播放请求头": "",
    "嗅探词": ".mp4#.m3u8",
    "过滤词": "",
    "跳转播放链接": "<iframe src='&&'",
    "跳转解析": "https://api.taiju.bid/2020/?url=",
    "搜索请求头": "User-Agent$MOBILE_UA",
    "搜索url": "https://www.kanju8.com/souju-wd-{wd}-page{pg}.html",
    "搜索模式": "1",
    "搜索后缀": "",
    "搜索二次截取": "",
    "搜索数组": "tagbox_pic float&&</h2>",
    "搜索标题": "title=\"&&\"",
    "搜索图片": "src=\"&&\"",
    "搜索副标题": "",
    "搜索链接": "href=\"&&\"",
    "筛选": "1",
    "类型": "",
    "剧情": "动作$1#喜剧$2#爱情$3#科幻$4#恐怖$5#剧情$6#战争$7#惊悚$8#悬疑$9#古装$10#动画$11#犯罪$12#奇幻$13#历史$14#冒险$15#家庭$16#武侠$17#谍战$18#同性$19#医疗$20#律政$21#灾难$22#穿越$23#鬼怪$24#丧尸$25#宫廷$26#漫改$27#超英$28#传记$29#西部$30#古装剧$10#武侠剧$17#穿越剧$23#丧尸剧$25#漫改剧$27#短剧$tag-ju-短剧",
    "剧情值": "*",
    "地区": "",
    "地区值": "*",
    "年份": "",
    "排序": "时间&人气&评分",
    "排序值": "time&hits&score"
}