{
    "作者": "",
    "站名": "",
    "请求头": "User-Agent$MOBILE_UA",
    "编码": "UTF-8",
    "图片代理": "0",
    "主页url": "https://www.zskll.cn",
    "首页": "120",
    "起始页": "1",
    "分类url": "https://www.zskll.cn/zs_{cateId}/{class}_{area}_{year}_{by}_{catePg}.html;;mrcd0",
    "分类": "电影&剧集&综艺&动漫",
    "分类值": "film&television&variety&cg",
    "二次截取": "",
    "数组": "module-item-pic\">&&class=\"module-item-text",
    "标题": "title=\"&&\"",
    "图片": "data-src=\"&&\"",
    "副标题": "item-caption\"> <span>&&<",
    "链接": "href=\"&&\"",
    "影片年代": "年代：&&</p>",
    "影片地区": "地区：&&</li>",
    "影片类型": "video-info-aux\">&&video-info-play\"",
    "状态": "状态：&&</p>",
    "导演": "导演：&&</div>",
    "主演": "演员：&&</div>",
    "简介": "👶请不要相信视频中任何广告！！！+hide-article\">&&</article>",
    "线路二次截取": "",
    "线路数组": "module-tab-item tab-item&&</div>",
    "线路标题": "👶+>&&</span>",
    "播放二次截取": "",
    "播放数组": "scroll-play\">&&</div>",
    "播放列表": "<a&&/a>",
    "播放标题": ">&&</span",
    "播放链接": "href=\"&&\"",
    "解析": "",
    "直接播放": "0",
    "播放请求头": "",
    "嗅探词": ".mp4#.m3u8",
    "过滤词": "",
    "跳转播放链接": "",
    "跳转解析": "",
    "搜索请求头": "User-Agent$MOBILE_UA",
    "搜索url": "https://www.zskll.cn/so/{wd}/{pg}.html",
    "搜索模式": "1",
    "搜索后缀": "",
    "搜索二次截取": "",
    "搜索数组": "module-item-pic\">&&</h3>",
    "搜索标题": "title=\"&&\"",
    "搜索图片": "data-original=\"&&\"",
    "搜索副标题": "video-serial\">&&<",
    "搜索链接": "href=\"&&\"",
    "筛选": "1",
    "类型": "",
    "剧情": "剧情$juqing#喜剧$xiju#爱情$aiqing#动作$dongzuo#惊悚$jingsong#犯罪$fanzui#恐怖$kongbu#悬疑$xuanyi#奇幻$qihuan#冒险$maoxian#科幻$kehuan#战争$zhanzheng#家庭$jiating#历史$lishi#古装$guzhuang#传记$zhuanji#音乐$yinyue#武侠$wuxia#运动$yundong#同性$tongxing#情色$qingse#伦理$lunli#歌舞$gewu#儿童$ertong#灾难$zainan#戏曲$xiqu#搞笑$gaoxiao#文艺$wenyi#苏联$sulian#情感$qinggan#魔法$mofa#内地$neidi#日本$riben#挪威$nuowei#动画$donghua#德国$deguo#韩国$hanguo#香港$xianggang#巴西$baxi#美国$meiguo#英国$yingguo#电影$dianying#明星$mingxing#大陆$dalu#晚会$wanhui#短片$duanpian#荷兰$helan#后宫$hougong#青春$qingchun||剧情$juqing#爱情$aiqing#喜剧$xiju#悬疑$xuanyi#犯罪$fanzui#古装$guzhuang#动作$dongzuo#奇幻$qihuan#惊悚$jingsong#家庭$jiating#科幻$kehuan#历史$lishi#战争$zhanzheng#冒险$maoxian#同性$tongxing#恐怖$kongbu#武侠$wuxia#传记$zhuanji#短片$duanpian#音乐$yinyue#儿童$ertong#动画$donghua#歌舞$gewu#故事$gushi#灾难$zainan#美食$meishi#青春$qingchun#搞笑$gaoxiao#情色$qingse#情感$qinggan#韩国$hanguo#中国$zhongguo#芬兰$fenlan#波兰$bolan#伦理$lunli#日本$riben#泰国$taiguo#戏曲$xiqu#美国$meiguo#运动$yundong#苏联$sulian#德国$deguo#英国$yingguo#魔法$mofa||音乐$yinyue#歌舞$gewu#节目$jiemu#喜剧$xiju#剧情$juqing#爱情$aiqing#历史$lishi#综艺$zongyi#运动$yundong#犯罪$fanzui#悬疑$xuanyi#冒险$maoxian#晚会$wanhui#儿童$ertong#家庭$jiating#明星$mingxing#故事$gushi#旅行$lvxing#演艺$yanyi#情感$qinggan#香港$xianggang#中国$zhongguo#战争$zhanzheng||动画$donghua#喜剧$xiju#剧情$juqing#冒险$maoxian#奇幻$qihuan#动作$dongzuo#科幻$kehuan#爱情$aiqing#家庭$jiating#短片$duanpian#悬疑$xuanyi#儿童$ertong#惊悚$jingsong#犯罪$fanzui#运动$yundong#武侠$wuxia#古装$guzhuang#音乐$yinyue#恐怖$kongbu#战争$zhanzheng#歌舞$gewu#同性$tongxing#历史$lishi#电影$dianying#情色$qingse#搞笑$gaoxiao#故事$gushi#灾难$zainan#传记$zhuanji#魔法$mofa#后宫$hougong#韩国$hanguo#大陆$dalu",
    "地区": "中国大陆$zhongguodalu#美国$meiguo#中国$zhongguo#香港$xianggang#日本$riben#英国$yingguo#法国$faguo#德国$deguo#韩国$hanguo#内地$neidi#加拿大$jianada#中国台湾$zhongguotaiwan#意大利$yidali#大陆$dalu#印度$yindu#西班牙$xibanya#澳大利亚$aodaliya#泰国$taiguo#比利时$bilishi#俄罗斯$eluosi#瑞典$ruidian#墨西哥$moxige#丹麦$danmai#波兰$bolan#荷兰$helan#爱尔兰$aierlan#瑞士$ruishi#挪威$nuowei#巴西$baxi#阿根廷$agenting#苏联$sulian#西德$xide#奥地利$aodili#新加坡$xinjiapo#匈牙利$xiongyali#新西兰$xinxilan#芬兰$fenlan#南非$nanfei#捷克$jieke",
    "地区值": "*",
    "年份": "",
    "语言": "",
    "语言值": "*",
    "字母": "A&B&C&D&E&F&G&H&I&J&K&L&M&N&O&P&Q&R&S&T&U&V&W&X&Y&Z&0-9",
    "字母值": "*",
    "排序": "时间&人气&评分",
    "排序值": "time&hits&score"
}