{
    "作者": "年少轻狂",
    "站名": "",
    "请求头": "User-Agent$MOBILE_UA",
    "编码": "UTF-8",
    "图片代理": "0",
    "主页url": "https://www.515jia.com",
    "首页": "120",
    "起始页": "1",
    "分类url": "https://www.515jia.com/jpshow/{cateId}-{area}-{by}-{class}-{lang}-{letter}---{catePg}---{year}.html;;mrcd0",
    "分类": "电影&剧集&综艺&动漫&短剧",
    "分类值": "1&15&24&30&47",
    "二次截取": "",
    "数组": "public-list-exp\"&&</a>",
    "标题": "title=\"&&\"",
    "图片": "data-src=\"&&\"",
    "副标题": "hide ft2\">&&<",
    "链接": "href=\"&&\"",
    "影片年代": "年份：&&</li>",
    "影片地区": "地区：&&</li>",
    "影片类型": "类型：&&</li>",
    "状态": "状态：&&</li>",
    "导演": "导演:  &&</li>",
    "主演": "主演:  &&</li>",
    "简介": "👶请不要相信视频中任何广告！！！+class=\"top26\">*>&&</li>",
    "线路二次截取": "anthology-tab nav&&</div>",
    "线路数组": "<a&&</a>",
    "线路标题": "👶+</i>&&<+badge\">&&<",
    "播放数组": "anthology-list-play&&</ul>",
    "播放列表": "<a&&/a>",
    "播放标题": ">&&<",
    "播放链接": "href=\"&&\"",
    "解析": "",
    "直接播放": "0",
    "播放请求头": "",
    "嗅探词": ".mp4#.m3u8",
    "过滤词": "",
    "跳转播放链接": "var player_*url\":\"&&\"",
    "跳转解析": "",
    "搜索请求头": "User-Agent$MOBILE_UA",
    "搜索url": "https://www.515jia.com/jpsearch/{wd}----------{pg}---.html",
    "搜索模式": "1",
    "搜索后缀": "",
    "搜索二次截取": "",
    "搜索数组": "public-list-exp\"&&</a>",
    "搜索标题": "title=\"&&\"",
    "搜索图片": "data-src=\"&&\"",
    "搜索副标题": "hide ft2\">&&<",
    "搜索链接": "href=\"&&\"",
    "筛选": "1",
    "类型": "动作片$2#喜剧片$3#爱情片$4#科幻片$5#恐怖片$6#剧情片$7#战争片$8#纪录片$9#悬疑片$10#动画片$11#犯罪片$12#邵氏电影$14#福利视频$56||国产剧$16#港台剧$17#欧美剧$19#日韩剧$20#海外剧$22#泰剧$23||大陆综艺$25#日韩综艺$26#港台综艺$27#欧美综艺$28||国产动漫$31#日韩动漫$32#欧美动漫$33#港台动漫$34#海外动漫$35||福利短剧$57#有声动漫$48#女频恋爱$49#反转爽剧$50#脑洞悬疑$51#年代穿越$52#古装仙侠$53#现代都市$54",
    "剧情": "喜剧&爱情&恐怖&动作&科幻&剧情&战争&警匪&犯罪&动画&奇幻&武侠&冒险&枪战&悬疑&惊悚&经典&青春&文艺&微电影&古装&历史&运动&农村&儿童&网络电影||古装&战争&青春&偶像&喜剧&家庭&犯罪&动作&奇幻&剧情&历史&经典&乡村&情景&商战&网剧&其他||选秀&情感&访谈&播报&旅游&音乐&美食&纪实&曲艺&生活&游戏&互动&财经&求职||情感&科幻&热血&推理&搞笑&冒险&萝莉&校园&动作&机战&运动&战争&少年&少女&社会&原创&亲子&益智&励志&其他||都市&赘婿&战神&古代&言情&现代&历史&脑洞&玄幻&电视节目&搞笑&网剧&喜剧&萌宝&神豪&致富&奇幻脑洞&超能&强者回归&甜宠&励志&豪门恩怨&复仇&长生&神医&马甲&亲情&小人物&奇幻&无敌&现实&重生&闪婚&职场商战&穿越&年代&权谋&高手下山&悬疑&家国情仇&虐恋&古装&时空之旅&玄幻仙侠&欢喜冤家&传承觉醒&情感&逆袭&家庭",
    "剧情值": "*",
    "地区": "",
    "地区值": "*",
    "年份": "",
    "年份值": "*",
    "语言": "",
    "语言值": "*",
    "字母": "A&B&C&D&E&F&G&H&I&J&K&L&M&N&O&P&Q&R&S&T&U&V&W&X&Y&Z&0-9",
    "字母值": "*",
    "排序": "时间&人气&评分",
    "排序值": "time&hits&score"
}