{
    "作者": "",
    "站名": "",
    "请求头": "User-Agent$MOBILE_UA",
    "编码": "UTF-8",
    "图片代理": "0",
    "主页url": "http://www.dingziv.com/m/index.html",
    "首页": "120",
    "起始页": "1",
    "分类url": "http://www.dingziv.com/{cateId}/list.html?country={area}&cate={class}&year={year}&rating=0&page={catePg}&per-page=24;;mrcd0",
    "分类": "电影&剧集&综艺&动漫",
    "分类值": "m&t&var&a",
    "二次截取": "",
    "数组": "project-item&&</p>",
    "标题": "title=\"&&\"",
    "图片": "src=\"&&\"",
    "副标题": "<p>&&<",
    "链接": "href=\"&&\"",
    "影片年代": "时间&&</tr>",
    "影片地区": "地区&&</tr>",
    "影片类型": "类型&&</tr>",
    "状态": "集数&&</tr>",
    "导演": "导演&&</tr>",
    "主演": "主演&&</tr>",
    "简介": "👶+layout\">&&</span>",
    "线路二次截取": ".blog-info -->&&class=\"well well-sm",
    "线路数组": "panel panel-default\">&&/div>",
    "线路标题": "👶+panel-heading\">&&<",
    "播放二次截取": "",
    "播放数组": "group source_list\"&&</ul>",
    "播放列表": "<a&&/a>",
    "播放标题": ">&&</li>",
    "播放链接": "href=\"&&\"",
    "解析": "",
    "直接播放": "0",
    "播放请求头": "",
    "嗅探词": ".mp4#.m3u8",
    "过滤词": "",
    "跳转播放链接": "",
    "跳转解析": "",
    "搜索请求头": "User-Agent$MOBILE_UA",
    "搜索url": "http://www.dingziv.com/movie/search",
    "搜索模式": "1",
    "搜索后缀": "",
    "搜索二次截取": "",
    "筛选": "1",
    "类型": "",
    "剧情": "",
    "剧情值": "*",
    "地区": "",
    "地区值": "*",
    "年份": "",
    "年份值": "*",
    "语言": "",
    "语言值": "*",
    "字母": "A&B&C&D&E&F&G&H&I&J&K&L&M&N&O&P&Q&R&S&T&U&V&W&X&Y&Z&0-9",
    "字母值": "*",
    "排序": "时间&人气&评分",
    "排序值": "time&hits&score"
}