{
    "作者": "",
    "站名": "",
    "请求头": "User-Agent$MOBILE_UA",
    "编码": "UTF-8",
    "图片代理": "0",
    "主页url": "https://www.loveyn.com",
    "首页": "120",
    "起始页": "1",
    "分类url": "https://www.loveyn.com/vodshow/{cateId}-{area}-{by}-{class}-{lang}-{letter}---{catePg}---{year}.html;;mrcd0",
    "分类": "电影&剧集&综艺&动漫&短剧",
    "分类值": "1&3&4&2&5",
    "二次截取": "",
    "数组": "hl-lazy\"&&</a>",
    "标题": "title=\"&&\"",
    "图片": "data-original=\"&&\"",
    "副标题": "remarks\">&&<",
    "链接": "href=\"&&\"",
    "影片年代": "年份：&&</li>",
    "影片地区": "地区：&&</li>",
    "影片类型": "类型：&&</li>",
    "状态": "状态：&&</li>",
    "导演": "导演：&&</li>",
    "主演": "主演：&&</li>",
    "简介": "👶+hl-content-text\">&&</span>",
    "线路二次截取": "",
    "线路数组": "hl-tabs-btn&&/a>",
    "线路标题": "👶+</i>&&<",
    "播放二次截取": "",
    "播放数组": "id=\"hl-plays-list&&</ul>",
    "播放列表": "<a&&/a>",
    "播放标题": ">&&<",
    "播放链接": "href=\"&&\"",
    "解析": "",
    "直接播放": "0",
    "播放请求头": "",
    "嗅探词": ".mp4#.m3u8",
    "过滤词": "",
    "跳转播放链接": "var player_*url\":\"&&\"",
    "跳转解析": "",
    "搜索请求头": "User-Agent$MOBILE_UA",
    "搜索url": "https://www.loveyn.com/vodsearch/{wd}----------{pg}---.html",
    "搜索模式": "1",
    "搜索后缀": "",
    "搜索二次截取": "",
    "搜索数组": "hl-lazy\"&&</a>",
    "搜索标题": "title=\"&&\"",
    "搜索图片": "data-original=\"&&\"",
    "搜索副标题": "remarks\">&&<",
    "搜索链接": "href=\"&&\"",
    "筛选": "1",
    "类型": "科幻片$20#爱情片$21#灾难片$22#歌舞片$23#惊悚片$24#悬疑片$25#冒险片$26#剧情片$27#动作片$28#动画电影$29#喜剧片$6#奇幻片$7#恐怖片$8#犯罪片$9#经典片$10#网络电影$11#战争片$12||新马剧$32#国产剧$33#欧美剧$34#日剧$35#韩剧$36#港剧$37#台剧$38#泰剧$39||国产综艺$40#日本综艺$41#韩国综艺$42#欧美综艺$43#新马泰综艺$44#港台综艺$45||国产动漫$30#日本动漫$31#韩国动漫$13#新马泰动漫$14#欧美动漫$15#港台动漫$16||复仇短剧$46#穿越短剧$47#甜宠短剧$48#强者短剧$49#萌宝短剧$50#古装短剧$51#虐恋短剧$52#逆袭短剧$53#悬疑短剧$54#神豪短剧$17#重生短剧$18",
    "剧情": "",
    "剧情值": "*",
    "地区": "",
    "地区值": "*",
    "年份": "",
    "年份值": "*",
    "语言": "",
    "语言值": "*",
    "字母": "A&B&C&D&E&F&G&H&I&J&K&L&M&N&O&P&Q&R&S&T&U&V&W&X&Y&Z&0-9",
    "字母值": "*",
    "排序": "时间&人气&评分",
    "排序值": "time&hits&score"
}