{
    "作者": "",
    "站名": "",
    "请求头": "User-Agent$MOBILE_UA",
    "编码": "UTF-8",
    "图片代理": "0",
    "主页url": "https://fcdmdd.com",
    "首页": "120",
    "起始页": "1",
    "分类url": "https://fcdmdd.com/fcdmow/{cateId}-{area}-{by}-{class}-{lang}-{letter}---{catePg}---{year}.html;;mrcd0",
    "分类": "电影&剧集&综艺&动漫",
    "分类值": "65&57&80&53",
    "二次截取": "module-list\">&&id=\"page[替换:module-footer>>module-item-cover]",
    "数组": "module-item-pic\">&&module-item-cover",
    "标题": "alt=\"&&\"",
    "图片": "data-original=\"&&\"",
    "副标题": "module-item-text\">&&<",
    "链接": "href=\"&&\"",
    "影片年代": "-----------*<span>&&</span>",
    "影片地区": "-*----------.html\"&&</div>",
    "影片类型": "---*--------.html\"&&</div>",
    "状态": "集数：&&</div>",
    "导演": "导演：&&</div>",
    "主演": "主演：&&</div>",
    "简介": "👶+剧情：&&</div",
    "线路二次截取": "video-info pc\">&&相关影片",
    "线路数组": "<h2 class=\"module-title&&/h2>",
    "线路标题": "👶+title=\"*>&&<",
    "播放二次截取": "",
    "播放数组": "module-blocklist&&</div>",
    "播放列表": "<a&&/a>",
    "播放标题": ">&&</span",
    "播放链接": "href=\"&&\"",
    "解析": "",
    "直接播放": "0",
    "播放请求头": "",
    "嗅探词": ".mp4#.m3u8",
    "过滤词": "",
    "跳转播放链接": "var player_*url\":\"&&\"",
    "跳转解析": "",
    "搜索请求头": "User-Agent$MOBILE_UA",
    "搜索url": "https://fcdmdd.com/fcdmch/{wd}----------{pg}---.html",
    "搜索模式": "1",
    "搜索后缀": "",
    "搜索二次截取": "",
    "搜索数组": "module-item-pic\">&&</h3>",
    "搜索标题": "alt=\"&&\"",
    "搜索图片": "data-original=\"&&\"",
    "搜索副标题": "video-serial\"*>&&</a>",
    "搜索链接": "href=\"&&\"",
    "筛选": "1",
    "类型": "动漫片$66#喜剧片$67#爱情片$68#剧情片$70#科幻片$69#奇幻片$77#悬疑片$74#战争片$73#动作片$71#犯罪片$75#灾难片$78#恐怖片$76#记录片$79#伦理$85||国产剧$58#韩剧$59#美剧$60#港剧$61#台剧$62#日剧$63#泰剧$64||国产综艺$81#港台综艺$82#日韩综艺$84#欧美综艺$83||国产动漫$54#日本动漫$55#欧美动漫$56",
    "剧情": "",
    "剧情值": "*",
    "地区": "",
    "地区值": "*",
    "年份": "",
    "年份值": "*",
    "语言": "",
    "语言值": "*",
    "字母": "A&B&C&D&E&F&G&H&I&J&K&L&M&N&O&P&Q&R&S&T&U&V&W&X&Y&Z&0-9",
    "字母值": "*",
    "排序": "时间&人气&评分",
    "排序值": "time&hits&score"
}