{
    "作者": "",
    "站名": "",
    "请求头": "User-Agent$MOBILE_UA",
    "编码": "UTF-8",
    "图片代理": "0",
    "主页url": "https://chaoq.cc/",
    "首页": "120",
    "起始页": "1",
    "分类url": "https://chaoq.cc/ld/{cateId}-{class}-{area}-{year}-{by}-{catePg}.html;;mrcd0",
    "分类": "电影&剧集&动漫&短剧",
    "分类值": "movie&tv&anime&playlet",
    "二次截取": "",
    "数组": "pic\">&&</li>",
    "标题": "title=\"&&\"",
    "图片": "data-src=\"&&\"",
    "副标题": "label\">&&<",
    "链接": "href=\"&&\"[替换:vd>>pd#.html>>-1-1.html]",
    "影片类型": "extend\"> &&class=\"nodebox",
    "简介": "👶+synopsis clamp3\">&&</div>",
    "线路二次截取": "vodnode\">&&</div",
    "线路数组": "<a&&/a>",
    "线路标题": "👶+title=\"&&\"",
    "播放二次截取": "",
    "播放数组": "episodes\">&&class=\"common-ad",
    "播放列表": "<a&&/a>",
    "播放标题": ">&&<",
    "播放链接": "href=\"&&\"",
    "多线二次截取": "vodnode\">&&</div>",
    "多线数组": "<a&&/a>",
    "多线链接": "href=\"&&\"",
    "解析": "",
    "直接播放": "0",
    "播放请求头": "",
    "嗅探词": ".mp4#.m3u8",
    "过滤词": "",
    "跳转播放链接": "var player_*url\":\"&&\"",
    "跳转解析": "",
    "搜索请求头": "User-Agent$MOBILE_UA",
    "搜索url": "https://chaoq.cc/sd/{wd}----------{pg}---.html",
    "搜索模式": "1",
    "搜索后缀": "",
    "搜索二次截取": "",
    "搜索数组": "sub-pic\">&&class=\"sub-title-en",
    "搜索标题": "title=\"&&\"",
    "搜索图片": "data-src=\"&&\"",
    "搜索副标题": "text-right\">&&<",
    "搜索链接": "href=\"&&\"",
    "筛选": "1",
    "类型": "",
    "剧情": "",
    "剧情值": "*",
    "地区": "",
    "地区值": "*",
    "年份": "",
    "年份值": "*",
    "语言": "",
    "语言值": "*",
    "字母": "A&B&C&D&E&F&G&H&I&J&K&L&M&N&O&P&Q&R&S&T&U&V&W&X&Y&Z&0-9",
    "字母值": "*",
    "排序": "时间&人气&评分",
    "排序值": "time&hits&score"
}