{
    "作者": "",
    "站名": "",
    "请求头": "User-Agent$MOBILE_UA",
    "编码": "UTF-8",
    "图片代理": "0",
    "主页url": "https://tv.yutangshe.com/",
    "首页": "120",
    "起始页": "1",
    "分类url": "/index.php/ajax/data?mid=1&tid={cateId}&page={catePg}&limit=30;;mrcd0",
    "分类": "电影&剧集&综艺&动漫",
    "分类值": "20&21&22&23",
    "二次截取": "list\":\\[&&\\][替换:\"vod_id>>电线杆子\"vod_id#\"vod_year>>鸡毛掸子\"vod_year]",
    "数组": "默认--电线杆子&&鸡毛掸子||首页--/voddetail&&</a",
    "图片": "默认--vod_pic\":\"&&\"||首页--data-original=\"&&\"",
    "标题": "默认--vod_name\":\"&&\"||首页--title=\"&&\"",
    "副标题": "默认--vod_remarks\":\"&&\"||首页--module-item-note\">&&<",
    "链接": "默认--/voddetail/+vod_id\":&&,+.html||首页--/voddetail/+/&&\"",
    "影片年代": "年份：&&</a>",
    "影片地区": "地区：&&</li>",
    "影片类型": "类型：&&</li>",
    "状态": "状态：&&</li>",
    "导演": "导演：&&</li>",
    "主演": "主演：&&</li>",
    "简介": "👶+简介：&&</p>",
    "线路二次截取": "",
    "线路数组": "module-tab-item tab-item&&/small>",
    "线路标题": "👶+>&&</span>+【共+<small>&&<+集】",
    "播放二次截取": "",
    "播放数组": "module-play-list\">&&</div>",
    "播放列表": "<a&&/a>",
    "播放标题": ">&&<",
    "播放链接": "href=\"&&\"",
    "解析": "",
    "直接播放": "0",
    "播放请求头": "",
    "嗅探词": ".mp4#.m3u8",
    "过滤词": "",
    "跳转播放链接": "urlDecode(var player_*url\":\"&&\")",
    "跳转解析": "",
    "搜索请求头": "User-Agent$MOBILE_UA",
    "搜索url": "/index.php/ajax/suggest?mid=1&wd={wd}&page={pg}&limit=30;post;wd={wd}&page={pg}",
    "搜索模式": "1",
    "搜索后缀": "",
    "搜索二次截取": "",
    "搜索数组": "lazyload\"&&</a>",
    "搜索标题": "title=\"&&\"",
    "搜索图片": "data-original=\"&&\"",
    "搜索副标题": "text-right\">&&<",
    "搜索链接": "href=\"&&\"",
    "筛选": "1",
    "类型": "",
    "剧情": "",
    "剧情值": "*",
    "地区": "",
    "地区值": "*",
    "年份": "",
    "年份值": "*",
    "语言": "",
    "语言值": "*",
    "字母": "A&B&C&D&E&F&G&H&I&J&K&L&M&N&O&P&Q&R&S&T&U&V&W&X&Y&Z&0-9",
    "字母值": "*",
    "排序": "时间&人气&评分",
    "排序值": "time&hits&score"
}