{
    "作者": "",
    "站名": "",
    "请求头": "User-Agent$MOBILE_UA",
    "编码": "UTF-8",
    "图片代理": "0",
    "主页url": "http://tv.zimtv.cn/",
    "首页": "120",
    "起始页": "1",
    "分类url": "http://tv.zimtv.cn/#{cateId};;mrcd0",
    "分类": "电影&剧集&综艺&动漫",
    "分类值": "cctv&weishi&random&4",
    "二次截取": "",
    "数组": "grid-item\"&&class=\"live-badge",
    "标题": "title=\"&&\"",
    "图片": "data-original=\"&&\"",
    "副标题": "",
    "链接": "href=\"&&\"",
    "线路二次截取": "",
    "线路数组": "",
    "线路标题": "👶+",
    "播放二次截取": "",
    "播放数组": "",
    "播放列表": "",
    "播放标题": "",
    "播放链接": "",
    "解析": "",
    "直接播放": "1",
    "播放请求头": "",
    "嗅探词": ".mp4#.m3u8",
    "过滤词": "",
    "跳转播放链接": "",
    "跳转解析": ""
}